BKK_W_1000,,Lek Massage (Siam Square Soi 6),เล็ก นวดแผนไทย (สยามสแควร์ ซอย 6),Wellness,Filler,Pathum Wan,ปทุมวัน,Siam,สยาม,"Perfect for a quick leg recharge after hitting the shops. No-frills, professional, and gets the knots out in 45 minutes.",แวะนวดเท้าแก้เมื่อยหลังช้อปปิ้งได้ดีเว่อร์ ร้านดูดี สะอาด นวดตรงจุด แป๊บเดียวหายเมื่อยเดินต่อได้ยาวๆ,Chill,Local,"Wellness, Quick, Siam",False,Anytime,"Solo, Friends",lek massage (siam square soi 6),เล็ก นวดแผนไทย (สยามสแควร์ ซอย 6),False,1,,,13.7440,100.5330,"Lek Massage (Siam Square Soi 6), Pathum Wan, Bangkok","เล็ก นวดแผนไทย (สยามสแควร์ ซอย 6), ปทุมวัน, กรุงเทพฯ","https://www.google.com/maps?q=13.7440,100.5330",10:00 AM - 10:00 PM,$,200,30,BTS Siam,BTS สยาม,3,Short walk from BTS Siam,เดินจาก BTS สยาม นิดเดียว,Limited,จำกัด,True,,,2026-04-23
BKK_W_1001,,Chang Foot Massage & Spa (Siam Square Soi 6),ช้าง ฟุต มาสสาจ (สยามสแควร์ ซอย 6),Wellness,Filler,Pathum Wan,ปทุมวัน,Siam,สยาม,"Perfect for a quick leg recharge after hitting the shops. No-frills, professional, and gets the knots out in 45 minutes.",แวะนวดเท้าแก้เมื่อยหลังช้อปปิ้งได้ดีเว่อร์ ร้านดูดี สะอาด นวดตรงจุด แป๊บเดียวหายเมื่อยเดินต่อได้ยาวๆ,Chill,Local,"Wellness, Quick, Siam",False,Anytime,"Solo, Friends",chang foot massage & spa (siam square soi 6),ช้าง ฟุต มาสสาจ (สยามสแควร์ ซอย 6),False,1,,,13.7441,100.5330,"Chang Foot Massage & Spa (Siam Square Soi 6), Pathum Wan, Bangkok","ช้าง ฟุต มาสสาจ (สยามสแควร์ ซอย 6), ปทุมวัน, กรุงเทพฯ","https://www.google.com/maps?q=13.7441,100.5330",10:00 AM - 10:00 PM,$,200,30,BTS Siam,BTS สยาม,3,Short walk from BTS Siam,เดินจาก BTS สยาม นิดเดียว,Limited,จำกัด,True,,,2026-04-23
BKK_W_1002,,Let’s Relax Spa (Siam Square One),เล็ทส์ รีแลกซ์ สปา (สยามสแควร์วัน),Wellness,Filler,Pathum Wan,ปทุมวัน,Siam,สยาม,"Perfect for a quick leg recharge after hitting the shops. No-frills, professional, and gets the knots out in 45 minutes.",แวะนวดเท้าแก้เมื่อยหลังช้อปปิ้งได้ดีเว่อร์ ร้านดูดี สะอาด นวดตรงจุด แป๊บเดียวหายเมื่อยเดินต่อได้ยาวๆ,Chill,Local,"Wellness, Quick, Siam",False,Anytime,"Solo, Friends",let’s relax spa (siam square one),เล็ทส์ รีแลกซ์ สปา (สยามสแควร์วัน),False,1,,,13.7442,100.5330,"Let’s Relax Spa (Siam Square One), Pathum Wan, Bangkok","เล็ทส์ รีแลกซ์ สปา (สยามสแควร์วัน), ปทุมวัน, กรุงเทพฯ","https://www.google.com/maps?q=13.7442,100.5330",10:00 AM - 10:00 PM,$,200,30,BTS Siam,BTS สยาม,3,Short walk from BTS Siam,เดินจาก BTS สยาม นิดเดียว,Limited,จำกัด,True,,,2026-04-23
BKK_W_1003,,Nature Thai Massage (Siam Square Soi 5),เนเจอร์ ไทย มาสสาจ (สยามสแควร์ ซอย 5),Wellness,Filler,Pathum Wan,ปทุมวัน,Siam,สยาม,"Perfect for a quick leg recharge after hitting the shops. No-frills, professional, and gets the knots out in 45 minutes.",แวะนวดเท้าแก้เมื่อยหลังช้อปปิ้งได้ดีเว่อร์ ร้านดูดี สะอาด นวดตรงจุด แป๊บเดียวหายเมื่อยเดินต่อได้ยาวๆ,Chill,Local,"Wellness, Quick, Siam",False,Anytime,"Solo, Friends",nature thai massage (siam square soi 5),เนเจอร์ ไทย มาสสาจ (สยามสแควร์ ซอย 5),False,1,,,13.7443,100.5330,"Nature Thai Massage (Siam Square Soi 5), Pathum Wan, Bangkok","เนเจอร์ ไทย มาสสาจ (สยามสแควร์ ซอย 5), ปทุมวัน, กรุงเทพฯ","https://www.google.com/maps?q=13.7443,100.5330",10:00 AM - 10:00 PM,$,200,30,BTS Siam,BTS สยาม,3,Short walk from BTS Siam,เดินจาก BTS สยาม นิดเดียว,Limited,จำกัด,True,,,2026-04-23
BKK_W_1004,,Nature Thai Massage (Siam Square Soi 6),เนเจอร์ ไทย มาสสาจ (สยามสแควร์ ซอย 6),Wellness,Filler,Pathum Wan,ปทุมวัน,Siam,สยาม,"Perfect for a quick leg recharge after hitting the shops. No-frills, professional, and gets the knots out in 45 minutes.",แวะนวดเท้าแก้เมื่อยหลังช้อปปิ้งได้ดีเว่อร์ ร้านดูดี สะอาด นวดตรงจุด แป๊บเดียวหายเมื่อยเดินต่อได้ยาวๆ,Chill,Local,"Wellness, Quick, Siam",False,Anytime,"Solo, Friends",nature thai massage (siam square soi 6),เนเจอร์ ไทย มาสสาจ (สยามสแควร์ ซอย 6),False,1,,,13.7444,100.5330,"Nature Thai Massage (Siam Square Soi 6), Pathum Wan, Bangkok","เนเจอร์ ไทย มาสสาจ (สยามสแควร์ ซอย 6), ปทุมวัน, กรุงเทพฯ","https://www.google.com/maps?q=13.7444,100.5330",10:00 AM - 10:00 PM,$,200,30,BTS Siam,BTS สยาม,3,Short walk from BTS Siam,เดินจาก BTS สยาม นิดเดียว,Limited,จำกัด,True,,,2026-04-23
BKK_W_1005,,MAY Massage (Sukhumvit 21),เมย์ มาสสาจ (สุขุมวิท 21),Wellness,Filler,Watthana,วัฒนา,Asok,อโศก,"Perfect for a quick leg recharge after hitting the shops. No-frills, professional, and gets the knots out in 45 minutes.",แวะนวดเท้าแก้เมื่อยหลังช้อปปิ้งได้ดีเว่อร์ ร้านดูดี สะอาด นวดตรงจุด แป๊บเดียวหายเมื่อยเดินต่อได้ยาวๆ,Chill,Local,"Wellness, Quick, Sukhumvit-Asok",False,Anytime,"Solo, Friends",may massage (sukhumvit 21),เมย์ มาสสาจ (สุขุมวิท 21),False,1,,,13.7375,100.5600,"MAY Massage (Sukhumvit 21), Watthana, Bangkok","เมย์ มาสสาจ (สุขุมวิท 21), วัฒนา, กรุงเทพฯ","https://www.google.com/maps?q=13.7375,100.5600",10:00 AM - 10:00 PM,$,200,30,BTS Asok,BTS อโศก,3,Short walk from BTS Asok,เดินจาก BTS อโศก นิดเดียว,Limited,จำกัด,True,,,2026-04-23
BKK_W_1006,,MAY Massage (Sukhumvit 23),เมย์ มาสสาจ (สุขุมวิท 23),Wellness,Filler,Watthana,วัฒนา,Asok,อโศก,"Perfect for a quick leg recharge after hitting the shops. No-frills, professional, and gets the knots out in 45 minutes.",แวะนวดเท้าแก้เมื่อยหลังช้อปปิ้งได้ดีเว่อร์ ร้านดูดี สะอาด นวดตรงจุด แป๊บเดียวหายเมื่อยเดินต่อได้ยาวๆ,Chill,Local,"Wellness, Quick, Sukhumvit-Asok",False,Anytime,"Solo, Friends",may massage (sukhumvit 23),เมย์ มาสสาจ (สุขุมวิท 23),False,1,,,13.7376,100.5600,"MAY Massage (Sukhumvit 23), Watthana, Bangkok","เมย์ มาสสาจ (สุขุมวิท 23), วัฒนา, กรุงเทพฯ","https://www.google.com/maps?q=13.7376,100.5600",10:00 AM - 10:00 PM,$,200,30,BTS Asok,BTS อโศก,3,Short walk from BTS Asok,เดินจาก BTS อโศก นิดเดียว,Limited,จำกัด,True,,,2026-04-23
BKK_W_1007,,Tony Thai Massage (Sukhumvit 23),โทนี่ ไทย มาสสาจ (สุขุมวิท 23),Wellness,Filler,Watthana,วัฒนา,Asok,อโศก,"Perfect for a quick leg recharge after hitting the shops. No-frills, professional, and gets the knots out in 45 minutes.",แวะนวดเท้าแก้เมื่อยหลังช้อปปิ้งได้ดีเว่อร์ ร้านดูดี สะอาด นวดตรงจุด แป๊บเดียวหายเมื่อยเดินต่อได้ยาวๆ,Chill,Local,"Wellness, Quick, Sukhumvit-Asok",False,Anytime,"Solo, Friends",tony thai massage (sukhumvit 23),โทนี่ ไทย มาสสาจ (สุขุมวิท 23),False,1,,,13.7377,100.5600,"Tony Thai Massage (Sukhumvit 23), Watthana, Bangkok","โทนี่ ไทย มาสสาจ (สุขุมวิท 23), วัฒนา, กรุงเทพฯ","https://www.google.com/maps?q=13.7377,100.5600",10:00 AM - 10:00 PM,$,200,30,BTS Asok,BTS อโศก,3,Short walk from BTS Asok,เดินจาก BTS อโศก นิดเดียว,Limited,จำกัด,True,,,2026-04-23
BKK_W_1008,,Health Land (Asoke),เฮลท์แลนด์ (อโศก),Wellness,Filler,Watthana,วัฒนา,Asok,อโศก,"Perfect for a quick leg recharge after hitting the shops. No-frills, professional, and gets the knots out in 45 minutes.",แวะนวดเท้าแก้เมื่อยหลังช้อปปิ้งได้ดีเว่อร์ ร้านดูดี สะอาด นวดตรงจุด แป๊บเดียวหายเมื่อยเดินต่อได้ยาวๆ,Chill,Local,"Wellness, Quick, Sukhumvit-Asok",False,Anytime,"Solo, Friends",health land (asoke),เฮลท์แลนด์ (อโศก),False,1,,,13.7378,100.5600,"Health Land (Asoke), Watthana, Bangkok","เฮลท์แลนด์ (อโศก), วัฒนา, กรุงเทพฯ","https://www.google.com/maps?q=13.7378,100.5600",10:00 AM - 10:00 PM,$,200,30,BTS Asok,BTS อโศก,3,Short walk from BTS Asok,เดินจาก BTS อโศก นิดเดียว,Limited,จำกัด,True,,,2026-04-23
BKK_W_1009,,Rest and Relax Massage (Sukhumvit MRT),เรสท์ แอนด์ รีแลกซ์ (MRT สุขุมวิท),Wellness,Filler,Watthana,วัฒนา,Asok,อโศก,"Perfect for a quick leg recharge after hitting the shops. No-frills, professional, and gets the knots out in 45 minutes.",แวะนวดเท้าแก้เมื่อยหลังช้อปปิ้งได้ดีเว่อร์ ร้านดูดี สะอาด นวดตรงจุด แป๊บเดียวหายเมื่อยเดินต่อได้ยาวๆ,Chill,Local,"Wellness, Quick, Sukhumvit-Asok",False,Anytime,"Solo, Friends",rest and relax massage (sukhumvit mrt),เรสท์ แอนด์ รีแลกซ์ (MRT สุขุมวิท),False,1,,,13.7379,100.5600,"Rest and Relax Massage (Sukhumvit MRT), Watthana, Bangkok","เรสท์ แอนด์ รีแลกซ์ (MRT สุขุมวิท), วัฒนา, กรุงเทพฯ","https://www.google.com/maps?q=13.7379,100.5600",10:00 AM - 10:00 PM,$,200,30,BTS Asok,BTS อโศก,3,Short walk from BTS Asok,เดินจาก BTS อโศก นิดเดียว,Limited,จำกัด,True,,,2026-04-23
BKK_W_1010,,Jai Massage (Sukhumvit 19),ใจ มาสสาจ (สุขุมวิท 19),Wellness,Filler,Watthana,วัฒนา,Asok,อโศก,"Perfect for a quick leg recharge after hitting the shops. No-frills, professional, and gets the knots out in 45 minutes.",แวะนวดเท้าแก้เมื่อยหลังช้อปปิ้งได้ดีเว่อร์ ร้านดูดี สะอาด นวดตรงจุด แป๊บเดียวหายเมื่อยเดินต่อได้ยาวๆ,Chill,Local,"Wellness, Quick, Sukhumvit-Asok",False,Anytime,"Solo, Friends",jai massage (sukhumvit 19),ใจ มาสสาจ (สุขุมวิท 19),False,1,,,13.7370,100.5601,"Jai Massage (Sukhumvit 19), Watthana, Bangkok","ใจ มาสสาจ (สุขุมวิท 19), วัฒนา, กรุงเทพฯ","https://www.google.com/maps?q=13.7370,100.5601",10:00 AM - 10:00 PM,$,200,30,BTS Asok,BTS อโศก,3,Short walk from BTS Asok,เดินจาก BTS อโศก นิดเดียว,Limited,จำกัด,True,,,2026-04-23
BKK_W_1011,,Wat Po’s Thai Traditional Medical School (Sukhumvit 39),โรงเรียนนวดแผนโบราณวัดโพธิ์ (สุขุมวิท 39),Wellness,Filler,Khlong Toei,คลองเตย,Phrom Phong,พร้อมพงษ์,"Perfect for a quick leg recharge after hitting the shops. No-frills, professional, and gets the knots out in 45 minutes.",แวะนวดเท้าแก้เมื่อยหลังช้อปปิ้งได้ดีเว่อร์ ร้านดูดี สะอาด นวดตรงจุด แป๊บเดียวหายเมื่อยเดินต่อได้ยาวๆ,Chill,Local,"Wellness, Quick, Sukhumvit-PhromPhong",False,Anytime,"Solo, Friends",wat po’s thai traditional medical school (sukhumvit 39),โรงเรียนนวดแผนโบราณวัดโพธิ์ (สุขุมวิท 39),False,1,,,13.7301,100.5691,"Wat Po’s Thai Traditional Medical School (Sukhumvit 39), Khlong Toei, Bangkok","โรงเรียนนวดแผนโบราณวัดโพธิ์ (สุขุมวิท 39), คลองเตย, กรุงเทพฯ","https://www.google.com/maps?q=13.7301,100.5691",10:00 AM - 10:00 PM,$,200,30,BTS Phrom Phong,BTS พร้อมพงษ์,3,Short walk from BTS Phrom Phong,เดินจาก BTS พร้อมพงษ์ นิดเดียว,Limited,จำกัด,True,,,2026-04-23
BKK_W_1012,,ThaiThai Massage (Sukhumvit 11),ไทยไทย มาสสาจ (สุขุมวิท 11),Wellness,Filler,Watthana,วัฒนา,Nana,นานา,"Perfect for a quick leg recharge after hitting the shops. No-frills, professional, and gets the knots out in 45 minutes.",แวะนวดเท้าแก้เมื่อยหลังช้อปปิ้งได้ดีเว่อร์ ร้านดูดี สะอาด นวดตรงจุด แป๊บเดียวหายเมื่อยเดินต่อได้ยาวๆ,Chill,Local,"Wellness, Quick, Sukhumvit-Nana",False,Anytime,"Solo, Friends",thaithai massage (sukhumvit 11),ไทยไทย มาสสาจ (สุขุมวิท 11),False,1,,,13.7432,100.5561,"ThaiThai Massage (Sukhumvit 11), Watthana, Bangkok","ไทยไทย มาสสาจ (สุขุมวิท 11), วัฒนา, กรุงเทพฯ","https://www.google.com/maps?q=13.7432,100.5561",10:00 AM - 10:00 PM,$,200,30,BTS Nana,BTS นานา,3,Short walk from BTS Nana,เดินจาก BTS นานา นิดเดียว,Limited,จำกัด,True,,,2026-04-23
BKK_W_1013,,Nature Thai Massage & Spa (Sukhumvit 11),เนเจอร์ ไทย มาสสาจ (สุขุมวิท 11),Wellness,Filler,Watthana,วัฒนา,Nana,นานา,"Perfect for a quick leg recharge after hitting the shops. No-frills, professional, and gets the knots out in 45 minutes.",แวะนวดเท้าแก้เมื่อยหลังช้อปปิ้งได้ดีเว่อร์ ร้านดูดี สะอาด นวดตรงจุด แป๊บเดียวหายเมื่อยเดินต่อได้ยาวๆ,Chill,Local,"Wellness, Quick, Sukhumvit-Nana",False,Anytime,"Solo, Friends",nature thai massage & spa (sukhumvit 11),เนเจอร์ ไทย มาสสาจ (สุขุมวิท 11),False,1,,,13.7433,100.5561,"Nature Thai Massage & Spa (Sukhumvit 11), Watthana, Bangkok","เนเจอร์ ไทย มาสสาจ (สุขุมวิท 11), วัฒนา, กรุงเทพฯ","https://www.google.com/maps?q=13.7433,100.5561",10:00 AM - 10:00 PM,$,200,30,BTS Nana,BTS นานา,3,Short walk from BTS Nana,เดินจาก BTS นานา นิดเดียว,Limited,จำกัด,True,,,2026-04-23
BKK_W_1014,,Chacha Massage (Sukhumvit 11),ชาชา มาสสาจ (สุขุมวิท 11),Wellness,Filler,Watthana,วัฒนา,Nana,นานา,"Perfect for a quick leg recharge after hitting the shops. No-frills, professional, and gets the knots out in 45 minutes.",แวะนวดเท้าแก้เมื่อยหลังช้อปปิ้งได้ดีเว่อร์ ร้านดูดี สะอาด นวดตรงจุด แป๊บเดียวหายเมื่อยเดินต่อได้ยาวๆ,Chill,Local,"Wellness, Quick, Sukhumvit-Nana",False,Anytime,"Solo, Friends",chacha massage (sukhumvit 11),ชาชา มาสสาจ (สุขุมวิท 11),False,1,,,13.7434,100.5561,"Chacha Massage (Sukhumvit 11), Watthana, Bangkok","ชาชา มาสสาจ (สุขุมวิท 11), วัฒนา, กรุงเทพฯ","https://www.google.com/maps?q=13.7434,100.5561",10:00 AM - 10:00 PM,$,200,30,BTS Nana,BTS นานา,3,Short walk from BTS Nana,เดินจาก BTS นานา นิดเดียว,Limited,จำกัด,True,,,2026-04-23
BKK_W_1015,,CCare Massage (Sukhumvit 11),ซีแคร์ มาสสาจ (สุขุมวิท 11),Wellness,Filler,Watthana,วัฒนา,Nana,นานา,"Perfect for a quick leg recharge after hitting the shops. No-frills, professional, and gets the knots out in 45 minutes.",แวะนวดเท้าแก้เมื่อยหลังช้อปปิ้งได้ดีเว่อร์ ร้านดูดี สะอาด นวดตรงจุด แป๊บเดียวหายเมื่อยเดินต่อได้ยาวๆ,Chill,Local,"Wellness, Quick, Sukhumvit-Nana",False,Anytime,"Solo, Friends",ccare massage (sukhumvit 11),ซีแคร์ มาสสาจ (สุขุมวิท 11),False,1,,,13.7435,100.5561,"CCare Massage (Sukhumvit 11), Watthana, Bangkok","ซีแคร์ มาสสาจ (สุขุมวิท 11), วัฒนา, กรุงเทพฯ","https://www.google.com/maps?q=13.7435,100.5561",10:00 AM - 10:00 PM,$,200,30,BTS Nana,BTS นานา,3,Short walk from BTS Nana,เดินจาก BTS นานา นิดเดียว,Limited,จำกัด,True,,,2026-04-23
BKK_W_1016,,Eden The Ultimate Spa (Sukhumvit 11),อีเดน เดอะ อัลติเมท สปา (สุขุมวิท 11),Wellness,Filler,Watthana,วัฒนา,Nana,นานา,"Perfect for a quick leg recharge after hitting the shops. No-frills, professional, and gets the knots out in 45 minutes.",แวะนวดเท้าแก้เมื่อยหลังช้อปปิ้งได้ดีเว่อร์ ร้านดูดี สะอาด นวดตรงจุด แป๊บเดียวหายเมื่อยเดินต่อได้ยาวๆ,Chill,Local,"Wellness, Quick, Sukhumvit-Nana",False,Anytime,"Solo, Friends",eden the ultimate spa (sukhumvit 11),อีเดน เดอะ อัลติเมท สปา (สุขุมวิท 11),False,1,,,13.7436,100.5561,"Eden The Ultimate Spa (Sukhumvit 11), Watthana, Bangkok","อีเดน เดอะ อัลติเมท สปา (สุขุมวิท 11), วัฒนา, กรุงเทพฯ","https://www.google.com/maps?q=13.7436,100.5561",10:00 AM - 10:00 PM,$,200,30,BTS Nana,BTS นานา,3,Short walk from BTS Nana,เดินจาก BTS นานา นิดเดียว,Limited,จำกัด,True,,,2026-04-23
BKK_W_1017,,Hot Stone Spa (Sukhumvit 11),ฮอต สโตน สปา (สุขุมวิท 11),Wellness,Filler,Watthana,วัฒนา,Nana,นานา,"Perfect for a quick leg recharge after hitting the shops. No-frills, professional, and gets the knots out in 45 minutes.",แวะนวดเท้าแก้เมื่อยหลังช้อปปิ้งได้ดีเว่อร์ ร้านดูดี สะอาด นวดตรงจุด แป๊บเดียวหายเมื่อยเดินต่อได้ยาวๆ,Chill,Local,"Wellness, Quick, Sukhumvit-Nana",False,Anytime,"Solo, Friends",hot stone spa (sukhumvit 11),ฮอต สโตน สปา (สุขุมวิท 11),False,1,,,13.7437,100.5561,"Hot Stone Spa (Sukhumvit 11), Watthana, Bangkok","ฮอต สโตน สปา (สุขุมวิท 11), วัฒนา, กรุงเทพฯ","https://www.google.com/maps?q=13.7437,100.5561",10:00 AM - 10:00 PM,$,200,30,BTS Nana,BTS นานา,3,Short walk from BTS Nana,เดินจาก BTS นานา นิดเดียว,Limited,จำกัด,True,,,2026-04-23
BKK_W_1018,,Cozy Massage (Soi 11/1),โคซี่ มาสสาจ (ซอย 11/1),Wellness,Filler,Watthana,วัฒนา,Nana,นานา,"Perfect for a quick leg recharge after hitting the shops. No-frills, professional, and gets the knots out in 45 minutes.",แวะนวดเท้าแก้เมื่อยหลังช้อปปิ้งได้ดีเว่อร์ ร้านดูดี สะอาด นวดตรงจุด แป๊บเดียวหายเมื่อยเดินต่อได้ยาวๆ,Chill,Local,"Wellness, Quick, Sukhumvit-Nana",False,Anytime,"Solo, Friends",cozy massage (soi 11/1),โคซี่ มาสสาจ (ซอย 11/1),False,1,,,13.7438,100.5561,"Cozy Massage (Soi 11/1), Watthana, Bangkok","โคซี่ มาสสาจ (ซอย 11/1), วัฒนา, กรุงเทพฯ","https://www.google.com/maps?q=13.7438,100.5561",10:00 AM - 10:00 PM,$,200,30,BTS Nana,BTS นานา,3,Short walk from BTS Nana,เดินจาก BTS นานา นิดเดียว,Limited,จำกัด,True,,,2026-04-23
BKK_W_1019,,Lek Massage (Sukhumvit 22),เล็ก มาสสาจ (สุขุมวิท 22),Wellness,Filler,Khlong Toei,คลองเตย,Phrom Phong,พร้อมพงษ์,"Perfect for a quick leg recharge after hitting the shops. No-frills, professional, and gets the knots out in 45 minutes.",แวะนวดเท้าแก้เมื่อยหลังช้อปปิ้งได้ดีเว่อร์ ร้านดูดี สะอาด นวดตรงจุด แป๊บเดียวหายเมื่อยเดินต่อได้ยาวๆ,Chill,Local,"Wellness, Quick, Sukhumvit-PhromPhong",False,Anytime,"Solo, Friends",lek massage (sukhumvit 22),เล็ก มาสสาจ (สุขุมวิท 22),False,1,,,13.7309,100.5691,"Lek Massage (Sukhumvit 22), Khlong Toei, Bangkok","เล็ก มาสสาจ (สุขุมวิท 22), คลองเตย, กรุงเทพฯ","https://www.google.com/maps?q=13.7309,100.5691",10:00 AM - 10:00 PM,$,200,30,BTS Phrom Phong,BTS พร้อมพงษ์,3,Short walk from BTS Phrom Phong,เดินจาก BTS พร้อมพงษ์ นิดเดียว,Limited,จำกัด,True,,,2026-04-23
BKK_W_1020,,Orchid Spa & Massage (Sukhumvit 22),ออร์คิด สปา แอนด์ มาสสาจ (สุขุมวิท 22),Wellness,Filler,Khlong Toei,คลองเตย,Phrom Phong,พร้อมพงษ์,"Perfect for a quick leg recharge after hitting the shops. No-frills, professional, and gets the knots out in 45 minutes.",แวะนวดเท้าแก้เมื่อยหลังช้อปปิ้งได้ดีเว่อร์ ร้านดูดี สะอาด นวดตรงจุด แป๊บเดียวหายเมื่อยเดินต่อได้ยาวๆ,Chill,Local,"Wellness, Quick, Sukhumvit-PhromPhong",False,Anytime,"Solo, Friends",orchid spa & massage (sukhumvit 22),ออร์คิด สปา แอนด์ มาสสาจ (สุขุมวิท 22),False,1,,,13.7300,100.5692,"Orchid Spa & Massage (Sukhumvit 22), Khlong Toei, Bangkok","ออร์คิด สปา แอนด์ มาสสาจ (สุขุมวิท 22), คลองเตย, กรุงเทพฯ","https://www.google.com/maps?q=13.7300,100.5692",10:00 AM - 10:00 PM,$,200,30,BTS Phrom Phong,BTS พร้อมพงษ์,3,Short walk from BTS Phrom Phong,เดินจาก BTS พร้อมพงษ์ นิดเดียว,Limited,จำกัด,True,,,2026-04-23
BKK_W_1021,,ThaiThai Massage (Sukhumvit 22),ไทยไทย มาสสาจ (สุขุมวิท 22),Wellness,Filler,Khlong Toei,คลองเตย,Phrom Phong,พร้อมพงษ์,"Perfect for a quick leg recharge after hitting the shops. No-frills, professional, and gets the knots out in 45 minutes.",แวะนวดเท้าแก้เมื่อยหลังช้อปปิ้งได้ดีเว่อร์ ร้านดูดี สะอาด นวดตรงจุด แป๊บเดียวหายเมื่อยเดินต่อได้ยาวๆ,Chill,Local,"Wellness, Quick, Sukhumvit-PhromPhong",False,Anytime,"Solo, Friends",thaithai massage (sukhumvit 22),ไทยไทย มาสสาจ (สุขุมวิท 22),False,1,,,13.7301,100.5692,"ThaiThai Massage (Sukhumvit 22), Khlong Toei, Bangkok","ไทยไทย มาสสาจ (สุขุมวิท 22), คลองเตย, กรุงเทพฯ","https://www.google.com/maps?q=13.7301,100.5692",10:00 AM - 10:00 PM,$,200,30,BTS Phrom Phong,BTS พร้อมพงษ์,3,Short walk from BTS Phrom Phong,เดินจาก BTS พร้อมพงษ์ นิดเดียว,Limited,จำกัด,True,,,2026-04-23
BKK_W_1022,,Malai Massage & Beauty (Sukhumvit 22),มาลัย มาสสาจ (สุขุมวิท 22),Wellness,Filler,Khlong Toei,คลองเตย,Phrom Phong,พร้อมพงษ์,"Perfect for a quick leg recharge after hitting the shops. No-frills, professional, and gets the knots out in 45 minutes.",แวะนวดเท้าแก้เมื่อยหลังช้อปปิ้งได้ดีเว่อร์ ร้านดูดี สะอาด นวดตรงจุด แป๊บเดียวหายเมื่อยเดินต่อได้ยาวๆ,Chill,Local,"Wellness, Quick, Sukhumvit-PhromPhong",False,Anytime,"Solo, Friends",malai massage & beauty (sukhumvit 22),มาลัย มาสสาจ (สุขุมวิท 22),False,1,,,13.7302,100.5692,"Malai Massage & Beauty (Sukhumvit 22), Khlong Toei, Bangkok","มาลัย มาสสาจ (สุขุมวิท 22), คลองเตย, กรุงเทพฯ","https://www.google.com/maps?q=13.7302,100.5692",10:00 AM - 10:00 PM,$,200,30,BTS Phrom Phong,BTS พร้อมพงษ์,3,Short walk from BTS Phrom Phong,เดินจาก BTS พร้อมพงษ์ นิดเดียว,Limited,จำกัด,True,,,2026-04-23
BKK_W_1023,,Asia Herb Association (Sukhumvit 24),เอเชีย เฮิร์บ แอสโซซิเอชั่น (สุขุมวิท 24),Wellness,Filler,Khlong Toei,คลองเตย,Phrom Phong,พร้อมพงษ์,"Perfect for a quick leg recharge after hitting the shops. No-frills, professional, and gets the knots out in 45 minutes.",แวะนวดเท้าแก้เมื่อยหลังช้อปปิ้งได้ดีเว่อร์ ร้านดูดี สะอาด นวดตรงจุด แป๊บเดียวหายเมื่อยเดินต่อได้ยาวๆ,Chill,Local,"Wellness, Quick, Sukhumvit-PhromPhong",False,Anytime,"Solo, Friends",asia herb association (sukhumvit 24),เอเชีย เฮิร์บ แอสโซซิเอชั่น (สุขุมวิท 24),False,1,,,13.7303,100.5692,"Asia Herb Association (Sukhumvit 24), Khlong Toei, Bangkok","เอเชีย เฮิร์บ แอสโซซิเอชั่น (สุขุมวิท 24), คลองเตย, กรุงเทพฯ","https://www.google.com/maps?q=13.7303,100.5692",10:00 AM - 10:00 PM,$,200,30,BTS Phrom Phong,BTS พร้อมพงษ์,3,Short walk from BTS Phrom Phong,เดินจาก BTS พร้อมพงษ์ นิดเดียว,Limited,จำกัด,True,,,2026-04-23
BKK_W_1024,,Nature Thai Massage (Sukhumvit 24),เนเจอร์ ไทย มาสสาจ (สุขุมวิท 24),Wellness,Filler,Khlong Toei,คลองเตย,Phrom Phong,พร้อมพงษ์,"Perfect for a quick leg recharge after hitting the shops. No-frills, professional, and gets the knots out in 45 minutes.",แวะนวดเท้าแก้เมื่อยหลังช้อปปิ้งได้ดีเว่อร์ ร้านดูดี สะอาด นวดตรงจุด แป๊บเดียวหายเมื่อยเดินต่อได้ยาวๆ,Chill,Local,"Wellness, Quick, Sukhumvit-PhromPhong",False,Anytime,"Solo, Friends",nature thai massage (sukhumvit 24),เนเจอร์ ไทย มาสสาจ (สุขุมวิท 24),False,1,,,13.7304,100.5692,"Nature Thai Massage (Sukhumvit 24), Khlong Toei, Bangkok","เนเจอร์ ไทย มาสสาจ (สุขุมวิท 24), คลองเตย, กรุงเทพฯ","https://www.google.com/maps?q=13.7304,100.5692",10:00 AM - 10:00 PM,$,200,30,BTS Phrom Phong,BTS พร้อมพงษ์,3,Short walk from BTS Phrom Phong,เดินจาก BTS พร้อมพงษ์ นิดเดียว,Limited,จำกัด,True,,,2026-04-23
BKK_W_1025,,Lek Massage (Sukhumvit 24),เล็ก มาสสาจ (สุขุมวิท 24),Wellness,Filler,Khlong Toei,คลองเตย,Phrom Phong,พร้อมพงษ์,"Perfect for a quick leg recharge after hitting the shops. No-frills, professional, and gets the knots out in 45 minutes.",แวะนวดเท้าแก้เมื่อยหลังช้อปปิ้งได้ดีเว่อร์ ร้านดูดี สะอาด นวดตรงจุด แป๊บเดียวหายเมื่อยเดินต่อได้ยาวๆ,Chill,Local,"Wellness, Quick, Sukhumvit-PhromPhong",False,Anytime,"Solo, Friends",lek massage (sukhumvit 24),เล็ก มาสสาจ (สุขุมวิท 24),False,1,,,13.7305,100.5692,"Lek Massage (Sukhumvit 24), Khlong Toei, Bangkok","เล็ก มาสสาจ (สุขุมวิท 24), คลองเตย, กรุงเทพฯ","https://www.google.com/maps?q=13.7305,100.5692",10:00 AM - 10:00 PM,$,200,30,BTS Phrom Phong,BTS พร้อมพงษ์,3,Short walk from BTS Phrom Phong,เดินจาก BTS พร้อมพงษ์ นิดเดียว,Limited,จำกัด,True,,,2026-04-23
BKK_W_1026,,Nuch Massage (Sukhumvit 24),นุช มาสสาจ (สุขุมวิท 24),Wellness,Filler,Khlong Toei,คลองเตย,Phrom Phong,พร้อมพงษ์,"Perfect for a quick leg recharge after hitting the shops. No-frills, professional, and gets the knots out in 45 minutes.",แวะนวดเท้าแก้เมื่อยหลังช้อปปิ้งได้ดีเว่อร์ ร้านดูดี สะอาด นวดตรงจุด แป๊บเดียวหายเมื่อยเดินต่อได้ยาวๆ,Chill,Local,"Wellness, Quick, Sukhumvit-PhromPhong",False,Anytime,"Solo, Friends",nuch massage (sukhumvit 24),นุช มาสสาจ (สุขุมวิท 24),False,1,,,13.7306,100.5692,"Nuch Massage (Sukhumvit 24), Khlong Toei, Bangkok","นุช มาสสาจ (สุขุมวิท 24), คลองเตย, กรุงเทพฯ","https://www.google.com/maps?q=13.7306,100.5692",10:00 AM - 10:00 PM,$,200,30,BTS Phrom Phong,BTS พร้อมพงษ์,3,Short walk from BTS Phrom Phong,เดินจาก BTS พร้อมพงษ์ นิดเดียว,Limited,จำกัด,True,,,2026-04-23
BKK_W_1027,,Oasis Spa (Sukhumvit 31),โอเอซิส สปา (สุขุมวิท 31),Wellness,Filler,Khlong Toei,คลองเตย,Phrom Phong,พร้อมพงษ์,"Perfect for a quick leg recharge after hitting the shops. No-frills, professional, and gets the knots out in 45 minutes.",แวะนวดเท้าแก้เมื่อยหลังช้อปปิ้งได้ดีเว่อร์ ร้านดูดี สะอาด นวดตรงจุด แป๊บเดียวหายเมื่อยเดินต่อได้ยาวๆ,Chill,Local,"Wellness, Quick, Sukhumvit-PhromPhong",False,Anytime,"Solo, Friends",oasis spa (sukhumvit 31),โอเอซิส สปา (สุขุมวิท 31),False,1,,,13.7307,100.5692,"Oasis Spa (Sukhumvit 31), Khlong Toei, Bangkok","โอเอซิส สปา (สุขุมวิท 31), คลองเตย, กรุงเทพฯ","https://www.google.com/maps?q=13.7307,100.5692",10:00 AM - 10:00 PM,$,200,30,BTS Phrom Phong,BTS พร้อมพงษ์,3,Short walk from BTS Phrom Phong,เดินจาก BTS พร้อมพงษ์ นิดเดียว,Limited,จำกัด,True,,,2026-04-23
BKK_W_1028,,Let’s Relax Spa (Sukhumvit 31),เล็ทส์ รีแลกซ์ สปา (สุขุมวิท 31),Wellness,Filler,Khlong Toei,คลองเตย,Phrom Phong,พร้อมพงษ์,"Perfect for a quick leg recharge after hitting the shops. No-frills, professional, and gets the knots out in 45 minutes.",แวะนวดเท้าแก้เมื่อยหลังช้อปปิ้งได้ดีเว่อร์ ร้านดูดี สะอาด นวดตรงจุด แป๊บเดียวหายเมื่อยเดินต่อได้ยาวๆ,Chill,Local,"Wellness, Quick, Sukhumvit-PhromPhong",False,Anytime,"Solo, Friends",let’s relax spa (sukhumvit 31),เล็ทส์ รีแลกซ์ สปา (สุขุมวิท 31),False,1,,,13.7308,100.5692,"Let’s Relax Spa (Sukhumvit 31), Khlong Toei, Bangkok","เล็ทส์ รีแลกซ์ สปา (สุขุมวิท 31), คลองเตย, กรุงเทพฯ","https://www.google.com/maps?q=13.7308,100.5692",10:00 AM - 10:00 PM,$,200,30,BTS Phrom Phong,BTS พร้อมพงษ์,3,Short walk from BTS Phrom Phong,เดินจาก BTS พร้อมพงษ์ นิดเดียว,Limited,จำกัด,True,,,2026-04-23
BKK_W_1029,,Top Thai Massage (Sukhumvit 33),ท็อป ไทย มาสสาจ (สุขุมวิท 33),Wellness,Filler,Khlong Toei,คลองเตย,Phrom Phong,พร้อมพงษ์,"Perfect for a quick leg recharge after hitting the shops. No-frills, professional, and gets the knots out in 45 minutes.",แวะนวดเท้าแก้เมื่อยหลังช้อปปิ้งได้ดีเว่อร์ ร้านดูดี สะอาด นวดตรงจุด แป๊บเดียวหายเมื่อยเดินต่อได้ยาวๆ,Chill,Local,"Wellness, Quick, Sukhumvit-PhromPhong",False,Anytime,"Solo, Friends",top thai massage (sukhumvit 33),ท็อป ไทย มาสสาจ (สุขุมวิท 33),False,1,,,13.7309,100.5692,"Top Thai Massage (Sukhumvit 33), Khlong Toei, Bangkok","ท็อป ไทย มาสสาจ (สุขุมวิท 33), คลองเตย, กรุงเทพฯ","https://www.google.com/maps?q=13.7309,100.5692",10:00 AM - 10:00 PM,$,200,30,BTS Phrom Phong,BTS พร้อมพงษ์,3,Short walk from BTS Phrom Phong,เดินจาก BTS พร้อมพงษ์ นิดเดียว,Limited,จำกัด,True,,,2026-04-23
BKK_W_1030,,At Ease Massage (Sukhumvit 33),แอท อีส มาสสาจ (สุขุมวิท 33),Wellness,Filler,Khlong Toei,คลองเตย,Phrom Phong,พร้อมพงษ์,"Perfect for a quick leg recharge after hitting the shops. No-frills, professional, and gets the knots out in 45 minutes.",แวะนวดเท้าแก้เมื่อยหลังช้อปปิ้งได้ดีเว่อร์ ร้านดูดี สะอาด นวดตรงจุด แป๊บเดียวหายเมื่อยเดินต่อได้ยาวๆ,Chill,Local,"Wellness, Quick, Sukhumvit-PhromPhong",False,Anytime,"Solo, Friends",at ease massage (sukhumvit 33),แอท อีส มาสสาจ (สุขุมวิท 33),False,1,,,13.7300,100.5693,"At Ease Massage (Sukhumvit 33), Khlong Toei, Bangkok","แอท อีส มาสสาจ (สุขุมวิท 33), คลองเตย, กรุงเทพฯ","https://www.google.com/maps?q=13.7300,100.5693",10:00 AM - 10:00 PM,$,200,30,BTS Phrom Phong,BTS พร้อมพงษ์,3,Short walk from BTS Phrom Phong,เดินจาก BTS พร้อมพงษ์ นิดเดียว,Limited,จำกัด,True,,,2026-04-23
BKK_W_1031,,Let’s Relax Spa (Silom Edge),เล็ทส์ รีแลกซ์ สปา (สีลม เอจ),Wellness,Filler,Bang Rak,บางรัก,Silom,สีลม,"Perfect for a quick leg recharge after hitting the shops. No-frills, professional, and gets the knots out in 45 minutes.",แวะนวดเท้าแก้เมื่อยหลังช้อปปิ้งได้ดีเว่อร์ ร้านดูดี สะอาด นวดตรงจุด แป๊บเดียวหายเมื่อยเดินต่อได้ยาวๆ,Chill,Local,"Wellness, Quick, Silom",False,Anytime,"Solo, Friends",let’s relax spa (silom edge),เล็ทส์ รีแลกซ์ สปา (สีลม เอจ),False,1,,,13.7291,100.5343,"Let’s Relax Spa (Silom Edge), Bang Rak, Bangkok","เล็ทส์ รีแลกซ์ สปา (สีลม เอจ), บางรัก, กรุงเทพฯ","https://www.google.com/maps?q=13.7291,100.5343",10:00 AM - 10:00 PM,$,200,30,BTS Sala Daeng,BTS ศาลาแดง,3,Short walk from BTS Sala Daeng,เดินจาก BTS ศาลาแดง นิดเดียว,Limited,จำกัด,True,,,2026-04-23
BKK_W_1032,,Perception Blind Massage (Silom),เพอร์เซพชั่น บลายด์ มาสสาจ (สีลม),Wellness,Filler,Bang Rak,บางรัก,Silom,สีลม,"Perfect for a quick leg recharge after hitting the shops. No-frills, professional, and gets the knots out in 45 minutes.",แวะนวดเท้าแก้เมื่อยหลังช้อปปิ้งได้ดีเว่อร์ ร้านดูดี สะอาด นวดตรงจุด แป๊บเดียวหายเมื่อยเดินต่อได้ยาวๆ,Chill,Local,"Wellness, Quick, Silom",False,Anytime,"Solo, Friends",perception blind massage (silom),เพอร์เซพชั่น บลายด์ มาสสาจ (สีลม),False,1,,,13.7292,100.5343,"Perception Blind Massage (Silom), Bang Rak, Bangkok","เพอร์เซพชั่น บลายด์ มาสสาจ (สีลม), บางรัก, กรุงเทพฯ","https://www.google.com/maps?q=13.7292,100.5343",10:00 AM - 10:00 PM,$,200,30,BTS Sala Daeng,BTS ศาลาแดง,3,Short walk from BTS Sala Daeng,เดินจาก BTS ศาลาแดง นิดเดียว,Limited,จำกัด,True,,,2026-04-23
BKK_W_1033,,The Prime Massage (Silom),เดอะ ไพร์ม มาสสาจ (สีลม),Wellness,Filler,Bang Rak,บางรัก,Silom,สีลม,"Perfect for a quick leg recharge after hitting the shops. No-frills, professional, and gets the knots out in 45 minutes.",แวะนวดเท้าแก้เมื่อยหลังช้อปปิ้งได้ดีเว่อร์ ร้านดูดี สะอาด นวดตรงจุด แป๊บเดียวหายเมื่อยเดินต่อได้ยาวๆ,Chill,Local,"Wellness, Quick, Silom",False,Anytime,"Solo, Friends",the prime massage (silom),เดอะ ไพร์ม มาสสาจ (สีลม),False,1,,,13.7293,100.5343,"The Prime Massage (Silom), Bang Rak, Bangkok","เดอะ ไพร์ม มาสสาจ (สีลม), บางรัก, กรุงเทพฯ","https://www.google.com/maps?q=13.7293,100.5343",10:00 AM - 10:00 PM,$,200,30,BTS Sala Daeng,BTS ศาลาแดง,3,Short walk from BTS Sala Daeng,เดินจาก BTS ศาลาแดง นิดเดียว,Limited,จำกัด,True,,,2026-04-23
BKK_W_1034,,So Thai Spa (Surawong),โซ ไทย สปา (สุรวงศ์),Wellness,Filler,Bang Rak,บางรัก,Silom,สีลม,"Perfect for a quick leg recharge after hitting the shops. No-frills, professional, and gets the knots out in 45 minutes.",แวะนวดเท้าแก้เมื่อยหลังช้อปปิ้งได้ดีเว่อร์ ร้านดูดี สะอาด นวดตรงจุด แป๊บเดียวหายเมื่อยเดินต่อได้ยาวๆ,Chill,Local,"Wellness, Quick, Silom",False,Anytime,"Solo, Friends",so thai spa (surawong),โซ ไทย สปา (สุรวงศ์),False,1,,,13.7294,100.5343,"So Thai Spa (Surawong), Bang Rak, Bangkok","โซ ไทย สปา (สุรวงศ์), บางรัก, กรุงเทพฯ","https://www.google.com/maps?q=13.7294,100.5343",10:00 AM - 10:00 PM,$,200,30,BTS Sala Daeng,BTS ศาลาแดง,3,Short walk from BTS Sala Daeng,เดินจาก BTS ศาลาแดง นิดเดียว,Limited,จำกัด,True,,,2026-04-23
BKK_F_1035,,Khao Gaeng Jek Pui (Siam Square One),ข้าวแกงเจ็กปุ้ย (สยามสแควร์วัน),Food,Filler,Pathum Wan,ปทุมวัน,Siam,สยาม,"The ultimate grab-and-go spot in Siam. Fast, tasty, and won't break the bank. Get the signature dish and keep moving.",ร้านเด็ดแบบรีบกินรีบไปในSiam รสชาติจัดจ้าน ราคาเป็นกันเอง แนะนำให้สั่งเมนูซิกเนเจอร์แล้วไปต่อได้เลย ไม่เสียเวลา,Busy,Local,"Food, Quick, Siam",False,Anytime,"Solo, Friends",khao gaeng jek pui (siam square one),ข้าวแกงเจ็กปุ้ย (สยามสแควร์วัน),False,1,,,13.7445,100.5333,"Khao Gaeng Jek Pui (Siam Square One), Pathum Wan, Bangkok","ข้าวแกงเจ็กปุ้ย (สยามสแควร์วัน), ปทุมวัน, กรุงเทพฯ","https://www.google.com/maps?q=13.7445,100.5333",10:00 AM - 10:00 PM,$,200,30,BTS Siam,BTS สยาม,3,Short walk from BTS Siam,เดินจาก BTS สยาม นิดเดียว,Limited,จำกัด,True,,,2026-04-23
BKK_F_1036,,Siam Pandan (Siam Square Soi 7),ขนมครกใบเตย สยามสแควร์ (ซอย 7),Food,Filler,Pathum Wan,ปทุมวัน,Siam,สยาม,"The ultimate grab-and-go spot in Siam. Fast, tasty, and won't break the bank. Get the signature dish and keep moving.",ร้านเด็ดแบบรีบกินรีบไปในSiam รสชาติจัดจ้าน ราคาเป็นกันเอง แนะนำให้สั่งเมนูซิกเนเจอร์แล้วไปต่อได้เลย ไม่เสียเวลา,Busy,Local,"Food, Quick, Siam",False,Anytime,"Solo, Friends",siam pandan (siam square soi 7),ขนมครกใบเตย สยามสแควร์ (ซอย 7),False,1,,,13.7446,100.5333,"Siam Pandan (Siam Square Soi 7), Pathum Wan, Bangkok","ขนมครกใบเตย สยามสแควร์ (ซอย 7), ปทุมวัน, กรุงเทพฯ","https://www.google.com/maps?q=13.7446,100.5333",10:00 AM - 10:00 PM,$,200,30,BTS Siam,BTS สยาม,3,Short walk from BTS Siam,เดินจาก BTS สยาม นิดเดียว,Limited,จำกัด,True,,,2026-04-23
BKK_F_1037,,Flash Coffee (Siam Square),แฟลช คอฟฟี่ (สยามสแควร์),Food,Filler,Pathum Wan,ปทุมวัน,Siam,สยาม,"The ultimate grab-and-go spot in Siam. Fast, tasty, and won't break the bank. Get the signature dish and keep moving.",ร้านเด็ดแบบรีบกินรีบไปในSiam รสชาติจัดจ้าน ราคาเป็นกันเอง แนะนำให้สั่งเมนูซิกเนเจอร์แล้วไปต่อได้เลย ไม่เสียเวลา,Busy,Local,"Food, Quick, Siam",False,Anytime,"Solo, Friends",flash coffee (siam square),แฟลช คอฟฟี่ (สยามสแควร์),False,1,,,13.7447,100.5333,"Flash Coffee (Siam Square), Pathum Wan, Bangkok","แฟลช คอฟฟี่ (สยามสแควร์), ปทุมวัน, กรุงเทพฯ","https://www.google.com/maps?q=13.7447,100.5333",10:00 AM - 10:00 PM,$,200,30,BTS Siam,BTS สยาม,3,Short walk from BTS Siam,เดินจาก BTS สยาม นิดเดียว,Limited,จำกัด,True,,,2026-04-23
BKK_F_1038,,Karun Thai Tea (Siam Square),การันต์ ไทยที (สยามสแควร์),Food,Filler,Pathum Wan,ปทุมวัน,Siam,สยาม,"The ultimate grab-and-go spot in Siam. Fast, tasty, and won't break the bank. Get the signature dish and keep moving.",ร้านเด็ดแบบรีบกินรีบไปในSiam รสชาติจัดจ้าน ราคาเป็นกันเอง แนะนำให้สั่งเมนูซิกเนเจอร์แล้วไปต่อได้เลย ไม่เสียเวลา,Busy,Local,"Food, Quick, Siam",False,Anytime,"Solo, Friends",karun thai tea (siam square),การันต์ ไทยที (สยามสแควร์),False,1,,,13.7448,100.5333,"Karun Thai Tea (Siam Square), Pathum Wan, Bangkok","การันต์ ไทยที (สยามสแควร์), ปทุมวัน, กรุงเทพฯ","https://www.google.com/maps?q=13.7448,100.5333",10:00 AM - 10:00 PM,$,200,30,BTS Siam,BTS สยาม,3,Short walk from BTS Siam,เดินจาก BTS สยาม นิดเดียว,Limited,จำกัด,True,,,2026-04-23
BKK_F_1039,,Im Chan (Phrom Phong),อิ่มจัง (พร้อมพงษ์),Food,Filler,Khlong Toei,คลองเตย,Phrom Phong,พร้อมพงษ์,"The ultimate grab-and-go spot in Sukhumvit-PhromPhong. Fast, tasty, and won't break the bank. Get the signature dish and keep moving.",ร้านเด็ดแบบรีบกินรีบไปในSukhumvit-PhromPhong รสชาติจัดจ้าน ราคาเป็นกันเอง แนะนำให้สั่งเมนูซิกเนเจอร์แล้วไปต่อได้เลย ไม่เสียเวลา,Busy,Local,"Food, Quick, Sukhumvit-PhromPhong",False,Anytime,"Solo, Friends",im chan (phrom phong),อิ่มจัง (พร้อมพงษ์),False,1,,,13.7309,100.5693,"Im Chan (Phrom Phong), Khlong Toei, Bangkok","อิ่มจัง (พร้อมพงษ์), คลองเตย, กรุงเทพฯ","https://www.google.com/maps?q=13.7309,100.5693",10:00 AM - 10:00 PM,$,200,30,BTS Phrom Phong,BTS พร้อมพงษ์,3,Short walk from BTS Phrom Phong,เดินจาก BTS พร้อมพงษ์ นิดเดียว,Limited,จำกัด,True,,,2026-04-23
BKK_F_1040,,VIVA 8 (Thong Lo),วีว่า 8 (ทองหล่อ),Food,Filler,Khlong Toei,คลองเตย,Phrom Phong,พร้อมพงษ์,"The ultimate grab-and-go spot in Sukhumvit-PhromPhong. Fast, tasty, and won't break the bank. Get the signature dish and keep moving.",ร้านเด็ดแบบรีบกินรีบไปในSukhumvit-PhromPhong รสชาติจัดจ้าน ราคาเป็นกันเอง แนะนำให้สั่งเมนูซิกเนเจอร์แล้วไปต่อได้เลย ไม่เสียเวลา,Busy,Local,"Food, Quick, Sukhumvit-PhromPhong",False,Anytime,"Solo, Friends",viva 8 (thong lo),วีว่า 8 (ทองหล่อ),False,1,,,13.7300,100.5694,"VIVA 8 (Thong Lo), Khlong Toei, Bangkok","วีว่า 8 (ทองหล่อ), คลองเตย, กรุงเทพฯ","https://www.google.com/maps?q=13.7300,100.5694",10:00 AM - 10:00 PM,$,200,30,BTS Phrom Phong,BTS พร้อมพงษ์,3,Short walk from BTS Phrom Phong,เดินจาก BTS พร้อมพงษ์ นิดเดียว,Limited,จำกัด,True,,,2026-04-23
BKK_F_1041,,Gourmet Market - Take Home (EmQuartier),กูร์เมต์ มาร์เก็ต เทคโฮม (เอ็มควอเทียร์),Food,Filler,Khlong Toei,คลองเตย,Phrom Phong,พร้อมพงษ์,"The ultimate grab-and-go spot in Sukhumvit-PhromPhong. Fast, tasty, and won't break the bank. Get the signature dish and keep moving.",ร้านเด็ดแบบรีบกินรีบไปในSukhumvit-PhromPhong รสชาติจัดจ้าน ราคาเป็นกันเอง แนะนำให้สั่งเมนูซิกเนเจอร์แล้วไปต่อได้เลย ไม่เสียเวลา,Busy,Local,"Food, Quick, Sukhumvit-PhromPhong",False,Anytime,"Solo, Friends",gourmet market - take home (emquartier),กูร์เมต์ มาร์เก็ต เทคโฮม (เอ็มควอเทียร์),False,1,,,13.7301,100.5694,"Gourmet Market - Take Home (EmQuartier), Khlong Toei, Bangkok","กูร์เมต์ มาร์เก็ต เทคโฮม (เอ็มควอเทียร์), คลองเตย, กรุงเทพฯ","https://www.google.com/maps?q=13.7301,100.5694",10:00 AM - 10:00 PM,$,200,30,BTS Phrom Phong,BTS พร้อมพงษ์,3,Short walk from BTS Phrom Phong,เดินจาก BTS พร้อมพงษ์ นิดเดียว,Limited,จำกัด,True,,,2026-04-23
BKK_F_1042,,Gourmet Market - Take Home (EmSphere),กูร์เมต์ มาร์เก็ต เทคโฮม (เอ็มสเฟียร์),Food,Filler,Khlong Toei,คลองเตย,Phrom Phong,พร้อมพงษ์,"The ultimate grab-and-go spot in Sukhumvit-PhromPhong. Fast, tasty, and won't break the bank. Get the signature dish and keep moving.",ร้านเด็ดแบบรีบกินรีบไปในSukhumvit-PhromPhong รสชาติจัดจ้าน ราคาเป็นกันเอง แนะนำให้สั่งเมนูซิกเนเจอร์แล้วไปต่อได้เลย ไม่เสียเวลา,Busy,Local,"Food, Quick, Sukhumvit-PhromPhong",False,Anytime,"Solo, Friends",gourmet market - take home (emsphere),กูร์เมต์ มาร์เก็ต เทคโฮม (เอ็มสเฟียร์),False,1,,,13.7302,100.5694,"Gourmet Market - Take Home (EmSphere), Khlong Toei, Bangkok","กูร์เมต์ มาร์เก็ต เทคโฮม (เอ็มสเฟียร์), คลองเตย, กรุงเทพฯ","https://www.google.com/maps?q=13.7302,100.5694",10:00 AM - 10:00 PM,$,200,30,BTS Phrom Phong,BTS พร้อมพงษ์,3,Short walk from BTS Phrom Phong,เดินจาก BTS พร้อมพงษ์ นิดเดียว,Limited,จำกัด,True,,,2026-04-23
BKK_F_1043,,Silom Soi 20 Morning Market (Silom),ตลาดเช้าสีลม ซอย 20,Food,Filler,Bang Rak,บางรัก,Silom,สีลม,"The ultimate grab-and-go spot in Silom. Fast, tasty, and won't break the bank. Get the signature dish and keep moving.",ร้านเด็ดแบบรีบกินรีบไปในSilom รสชาติจัดจ้าน ราคาเป็นกันเอง แนะนำให้สั่งเมนูซิกเนเจอร์แล้วไปต่อได้เลย ไม่เสียเวลา,Busy,Local,"Food, Quick, Silom",False,Anytime,"Solo, Friends",silom soi 20 morning market (silom),ตลาดเช้าสีลม ซอย 20,False,1,,,13.7293,100.5344,"Silom Soi 20 Morning Market (Silom), Bang Rak, Bangkok","ตลาดเช้าสีลม ซอย 20, บางรัก, กรุงเทพฯ","https://www.google.com/maps?q=13.7293,100.5344",10:00 AM - 10:00 PM,$,200,30,BTS Sala Daeng,BTS ศาลาแดง,3,Short walk from BTS Sala Daeng,เดินจาก BTS ศาลาแดง นิดเดียว,Limited,จำกัด,True,,,2026-04-23
BKK_F_1044,,Som Tam Jay So (Silom),ส้มตำเจ๊โส (สีลม),Food,Filler,Bang Rak,บางรัก,Silom,สีลม,"The ultimate grab-and-go spot in Silom. Fast, tasty, and won't break the bank. Get the signature dish and keep moving.",ร้านเด็ดแบบรีบกินรีบไปในSilom รสชาติจัดจ้าน ราคาเป็นกันเอง แนะนำให้สั่งเมนูซิกเนเจอร์แล้วไปต่อได้เลย ไม่เสียเวลา,Busy,Local,"Food, Quick, Silom",False,Anytime,"Solo, Friends",som tam jay so (silom),ส้มตำเจ๊โส (สีลม),False,1,,,13.7294,100.5344,"Som Tam Jay So (Silom), Bang Rak, Bangkok","ส้มตำเจ๊โส (สีลม), บางรัก, กรุงเทพฯ","https://www.google.com/maps?q=13.7294,100.5344",10:00 AM - 10:00 PM,$,200,30,BTS Sala Daeng,BTS ศาลาแดง,3,Short walk from BTS Sala Daeng,เดินจาก BTS ศาลาแดง นิดเดียว,Limited,จำกัด,True,,,2026-04-23
BKK_F_1045,,Bun 101 (Silom),ซาลาเปา 101 (สีลม),Food,Filler,Bang Rak,บางรัก,Silom,สีลม,"The ultimate grab-and-go spot in Silom. Fast, tasty, and won't break the bank. Get the signature dish and keep moving.",ร้านเด็ดแบบรีบกินรีบไปในSilom รสชาติจัดจ้าน ราคาเป็นกันเอง แนะนำให้สั่งเมนูซิกเนเจอร์แล้วไปต่อได้เลย ไม่เสียเวลา,Busy,Local,"Food, Quick, Silom",False,Anytime,"Solo, Friends",bun 101 (silom),ซาลาเปา 101 (สีลม),False,1,,,13.7295,100.5344,"Bun 101 (Silom), Bang Rak, Bangkok","ซาลาเปา 101 (สีลม), บางรัก, กรุงเทพฯ","https://www.google.com/maps?q=13.7295,100.5344",10:00 AM - 10:00 PM,$,200,30,BTS Sala Daeng,BTS ศาลาแดง,3,Short walk from BTS Sala Daeng,เดินจาก BTS ศาลาแดง นิดเดียว,Limited,จำกัด,True,,,2026-04-23
BKK_F_1046,,Turtle Shop (BTS Siam),เทอร์เทิล ช็อป (BTS สยาม),Food,Filler,Pathum Wan,ปทุมวัน,Siam,สยาม,"The ultimate grab-and-go spot in Siam. Fast, tasty, and won't break the bank. Get the signature dish and keep moving.",ร้านเด็ดแบบรีบกินรีบไปในSiam รสชาติจัดจ้าน ราคาเป็นกันเอง แนะนำให้สั่งเมนูซิกเนเจอร์แล้วไปต่อได้เลย ไม่เสียเวลา,Busy,Local,"Food, Quick, Siam",False,Anytime,"Solo, Friends",turtle shop (bts siam),เทอร์เทิล ช็อป (BTS สยาม),False,1,,,13.7446,100.5334,"Turtle Shop (BTS Siam), Pathum Wan, Bangkok","เทอร์เทิล ช็อป (BTS สยาม), ปทุมวัน, กรุงเทพฯ","https://www.google.com/maps?q=13.7446,100.5334",10:00 AM - 10:00 PM,$,200,30,BTS Siam,BTS สยาม,3,Short walk from BTS Siam,เดินจาก BTS สยาม นิดเดียว,Limited,จำกัด,True,,,2026-04-23
BKK_F_1047,,Turtle Shop (BTS Asok),เทอร์เทิล ช็อป (BTS อโศก),Food,Filler,Watthana,วัฒนา,Asok,อโศก,"The ultimate grab-and-go spot in Sukhumvit-Asok. Fast, tasty, and won't break the bank. Get the signature dish and keep moving.",ร้านเด็ดแบบรีบกินรีบไปในSukhumvit-Asok รสชาติจัดจ้าน ราคาเป็นกันเอง แนะนำให้สั่งเมนูซิกเนเจอร์แล้วไปต่อได้เลย ไม่เสียเวลา,Busy,Local,"Food, Quick, Sukhumvit-Asok",False,Anytime,"Solo, Friends",turtle shop (bts asok),เทอร์เทิล ช็อป (BTS อโศก),False,1,,,13.7377,100.5604,"Turtle Shop (BTS Asok), Watthana, Bangkok","เทอร์เทิล ช็อป (BTS อโศก), วัฒนา, กรุงเทพฯ","https://www.google.com/maps?q=13.7377,100.5604",10:00 AM - 10:00 PM,$,200,30,BTS Asok,BTS อโศก,3,Short walk from BTS Asok,เดินจาก BTS อโศก นิดเดียว,Limited,จำกัด,True,,,2026-04-23
BKK_F_1048,,Gourmet To Go (BTS Skywalk Asok),กูร์เมต์ ทู โก (สกายวอล์ค อโศก),Food,Filler,Watthana,วัฒนา,Asok,อโศก,"The ultimate grab-and-go spot in Sukhumvit-Asok. Fast, tasty, and won't break the bank. Get the signature dish and keep moving.",ร้านเด็ดแบบรีบกินรีบไปในSukhumvit-Asok รสชาติจัดจ้าน ราคาเป็นกันเอง แนะนำให้สั่งเมนูซิกเนเจอร์แล้วไปต่อได้เลย ไม่เสียเวลา,Busy,Local,"Food, Quick, Sukhumvit-Asok",False,Anytime,"Solo, Friends",gourmet to go (bts skywalk asok),กูร์เมต์ ทู โก (สกายวอล์ค อโศก),False,1,,,13.7378,100.5604,"Gourmet To Go (BTS Skywalk Asok), Watthana, Bangkok","กูร์เมต์ ทู โก (สกายวอล์ค อโศก), วัฒนา, กรุงเทพฯ","https://www.google.com/maps?q=13.7378,100.5604",10:00 AM - 10:00 PM,$,200,30,BTS Asok,BTS อโศก,3,Short walk from BTS Asok,เดินจาก BTS อโศก นิดเดียว,Limited,จำกัด,True,,,2026-04-23
BKK_F_1049,,ONCE Cafe (Siam Square Soi 2),วันซ์ คาเฟ่ (สยามสแควร์ ซอย 2),Food,Filler,Pathum Wan,ปทุมวัน,Siam,สยาม,"The ultimate grab-and-go spot in Siam. Fast, tasty, and won't break the bank. Get the signature dish and keep moving.",ร้านเด็ดแบบรีบกินรีบไปในSiam รสชาติจัดจ้าน ราคาเป็นกันเอง แนะนำให้สั่งเมนูซิกเนเจอร์แล้วไปต่อได้เลย ไม่เสียเวลา,Busy,Local,"Food, Quick, Siam",False,Anytime,"Solo, Friends",once cafe (siam square soi 2),วันซ์ คาเฟ่ (สยามสแควร์ ซอย 2),False,1,,,13.7449,100.5334,"ONCE Cafe (Siam Square Soi 2), Pathum Wan, Bangkok","วันซ์ คาเฟ่ (สยามสแควร์ ซอย 2), ปทุมวัน, กรุงเทพฯ","https://www.google.com/maps?q=13.7449,100.5334",10:00 AM - 10:00 PM,$,200,30,BTS Siam,BTS สยาม,3,Short walk from BTS Siam,เดินจาก BTS สยาม นิดเดียว,Limited,จำกัด,True,,,2026-04-23
BKK_F_1050,,Koko Thai & Vegetarian Cuisine (Siam Square Soi 3),โกโก้ (สยามสแควร์ ซอย 3),Food,Filler,Pathum Wan,ปทุมวัน,Siam,สยาม,"The ultimate grab-and-go spot in Siam. Fast, tasty, and won't break the bank. Get the signature dish and keep moving.",ร้านเด็ดแบบรีบกินรีบไปในSiam รสชาติจัดจ้าน ราคาเป็นกันเอง แนะนำให้สั่งเมนูซิกเนเจอร์แล้วไปต่อได้เลย ไม่เสียเวลา,Busy,Local,"Food, Quick, Siam",False,Anytime,"Solo, Friends",koko thai & vegetarian cuisine (siam square soi 3),โกโก้ (สยามสแควร์ ซอย 3),False,1,,,13.7440,100.5335,"Koko Thai & Vegetarian Cuisine (Siam Square Soi 3), Pathum Wan, Bangkok","โกโก้ (สยามสแควร์ ซอย 3), ปทุมวัน, กรุงเทพฯ","https://www.google.com/maps?q=13.7440,100.5335",10:00 AM - 10:00 PM,$,200,30,BTS Siam,BTS สยาม,3,Short walk from BTS Siam,เดินจาก BTS สยาม นิดเดียว,Limited,จำกัด,True,,,2026-04-23
BKK_F_1051,,RedSun Tokpokki (Siam Square Soi 3),เรดซัน ต๊อกโบกี (สยามสแควร์ ซอย 3),Food,Filler,Pathum Wan,ปทุมวัน,Siam,สยาม,"The ultimate grab-and-go spot in Siam. Fast, tasty, and won't break the bank. Get the signature dish and keep moving.",ร้านเด็ดแบบรีบกินรีบไปในSiam รสชาติจัดจ้าน ราคาเป็นกันเอง แนะนำให้สั่งเมนูซิกเนเจอร์แล้วไปต่อได้เลย ไม่เสียเวลา,Busy,Local,"Food, Quick, Siam",False,Anytime,"Solo, Friends",redsun tokpokki (siam square soi 3),เรดซัน ต๊อกโบกี (สยามสแควร์ ซอย 3),False,1,,,13.7441,100.5335,"RedSun Tokpokki (Siam Square Soi 3), Pathum Wan, Bangkok","เรดซัน ต๊อกโบกี (สยามสแควร์ ซอย 3), ปทุมวัน, กรุงเทพฯ","https://www.google.com/maps?q=13.7441,100.5335",10:00 AM - 10:00 PM,$,200,30,BTS Siam,BTS สยาม,3,Short walk from BTS Siam,เดินจาก BTS สยาม นิดเดียว,Limited,จำกัด,True,,,2026-04-23
BKK_F_1052,,Kate Teaw Boat Noodles (Siam Square Soi 3),เกศ เตี๋ยวเรือ (สยามสแควร์ ซอย 3),Food,Filler,Pathum Wan,ปทุมวัน,Siam,สยาม,"The ultimate grab-and-go spot in Siam. Fast, tasty, and won't break the bank. Get the signature dish and keep moving.",ร้านเด็ดแบบรีบกินรีบไปในSiam รสชาติจัดจ้าน ราคาเป็นกันเอง แนะนำให้สั่งเมนูซิกเนเจอร์แล้วไปต่อได้เลย ไม่เสียเวลา,Busy,Local,"Food, Quick, Siam",False,Anytime,"Solo, Friends",kate teaw boat noodles (siam square soi 3),เกศ เตี๋ยวเรือ (สยามสแควร์ ซอย 3),False,1,,,13.7442,100.5335,"Kate Teaw Boat Noodles (Siam Square Soi 3), Pathum Wan, Bangkok","เกศ เตี๋ยวเรือ (สยามสแควร์ ซอย 3), ปทุมวัน, กรุงเทพฯ","https://www.google.com/maps?q=13.7442,100.5335",10:00 AM - 10:00 PM,$,200,30,BTS Siam,BTS สยาม,3,Short walk from BTS Siam,เดินจาก BTS สยาม นิดเดียว,Limited,จำกัด,True,,,2026-04-23
BKK_F_1053,,MIL Toast House (Siam Square Soi 3),มิล ทอสต์ เฮาส์ (สยามสแควร์ ซอย 3),Food,Filler,Pathum Wan,ปทุมวัน,Siam,สยาม,"The ultimate grab-and-go spot in Siam. Fast, tasty, and won't break the bank. Get the signature dish and keep moving.",ร้านเด็ดแบบรีบกินรีบไปในSiam รสชาติจัดจ้าน ราคาเป็นกันเอง แนะนำให้สั่งเมนูซิกเนเจอร์แล้วไปต่อได้เลย ไม่เสียเวลา,Busy,Local,"Food, Quick, Siam",False,Anytime,"Solo, Friends",mil toast house (siam square soi 3),มิล ทอสต์ เฮาส์ (สยามสแควร์ ซอย 3),False,1,,,13.7443,100.5335,"MIL Toast House (Siam Square Soi 3), Pathum Wan, Bangkok","มิล ทอสต์ เฮาส์ (สยามสแควร์ ซอย 3), ปทุมวัน, กรุงเทพฯ","https://www.google.com/maps?q=13.7443,100.5335",10:00 AM - 10:00 PM,$,200,30,BTS Siam,BTS สยาม,3,Short walk from BTS Siam,เดินจาก BTS สยาม นิดเดียว,Limited,จำกัด,True,,,2026-04-23
BKK_F_1054,,Dalmatian Cafe (Siam Square Soi 7),ดัลเมเชียน คาเฟ่ (สยามสแควร์ ซอย 7),Food,Filler,Pathum Wan,ปทุมวัน,Siam,สยาม,"The ultimate grab-and-go spot in Siam. Fast, tasty, and won't break the bank. Get the signature dish and keep moving.",ร้านเด็ดแบบรีบกินรีบไปในSiam รสชาติจัดจ้าน ราคาเป็นกันเอง แนะนำให้สั่งเมนูซิกเนเจอร์แล้วไปต่อได้เลย ไม่เสียเวลา,Busy,Local,"Food, Quick, Siam",False,Anytime,"Solo, Friends",dalmatian cafe (siam square soi 7),ดัลเมเชียน คาเฟ่ (สยามสแควร์ ซอย 7),False,1,,,13.7444,100.5335,"Dalmatian Cafe (Siam Square Soi 7), Pathum Wan, Bangkok","ดัลเมเชียน คาเฟ่ (สยามสแควร์ ซอย 7), ปทุมวัน, กรุงเทพฯ","https://www.google.com/maps?q=13.7444,100.5335",10:00 AM - 10:00 PM,$,200,30,BTS Siam,BTS สยาม,3,Short walk from BTS Siam,เดินจาก BTS สยาม นิดเดียว,Limited,จำกัด,True,,,2026-04-23
BKK_F_1055,,GentleWoman Cafe (Siam Square Soi 7),เจนเทิลวูแมน คาเฟ่ (สยามสแควร์ ซอย 7),Food,Filler,Pathum Wan,ปทุมวัน,Siam,สยาม,"The ultimate grab-and-go spot in Siam. Fast, tasty, and won't break the bank. Get the signature dish and keep moving.",ร้านเด็ดแบบรีบกินรีบไปในSiam รสชาติจัดจ้าน ราคาเป็นกันเอง แนะนำให้สั่งเมนูซิกเนเจอร์แล้วไปต่อได้เลย ไม่เสียเวลา,Busy,Local,"Food, Quick, Siam",False,Anytime,"Solo, Friends",gentlewoman cafe (siam square soi 7),เจนเทิลวูแมน คาเฟ่ (สยามสแควร์ ซอย 7),False,1,,,13.7445,100.5335,"GentleWoman Cafe (Siam Square Soi 7), Pathum Wan, Bangkok","เจนเทิลวูแมน คาเฟ่ (สยามสแควร์ ซอย 7), ปทุมวัน, กรุงเทพฯ","https://www.google.com/maps?q=13.7445,100.5335",10:00 AM - 10:00 PM,$,200,30,BTS Siam,BTS สยาม,3,Short walk from BTS Siam,เดินจาก BTS สยาม นิดเดียว,Limited,จำกัด,True,,,2026-04-23
BKK_F_1056,,Kluay Kluay (Lido Connect),กล้วย กล้วย (ลิโด้ คอนเน็คท์),Food,Filler,Pathum Wan,ปทุมวัน,Siam,สยาม,"The ultimate grab-and-go spot in Siam. Fast, tasty, and won't break the bank. Get the signature dish and keep moving.",ร้านเด็ดแบบรีบกินรีบไปในSiam รสชาติจัดจ้าน ราคาเป็นกันเอง แนะนำให้สั่งเมนูซิกเนเจอร์แล้วไปต่อได้เลย ไม่เสียเวลา,Busy,Local,"Food, Quick, Siam",False,Anytime,"Solo, Friends",kluay kluay (lido connect),กล้วย กล้วย (ลิโด้ คอนเน็คท์),False,1,,,13.7446,100.5335,"Kluay Kluay (Lido Connect), Pathum Wan, Bangkok","กล้วย กล้วย (ลิโด้ คอนเน็คท์), ปทุมวัน, กรุงเทพฯ","https://www.google.com/maps?q=13.7446,100.5335",10:00 AM - 10:00 PM,$,200,30,BTS Siam,BTS สยาม,3,Short walk from BTS Siam,เดินจาก BTS สยาม นิดเดียว,Limited,จำกัด,True,,,2026-04-23
BKK_F_1057,,The Karaked (Siam Square One),เดอะ การะเกด (สยามสแควร์วัน),Food,Filler,Pathum Wan,ปทุมวัน,Siam,สยาม,"The ultimate grab-and-go spot in Siam. Fast, tasty, and won't break the bank. Get the signature dish and keep moving.",ร้านเด็ดแบบรีบกินรีบไปในSiam รสชาติจัดจ้าน ราคาเป็นกันเอง แนะนำให้สั่งเมนูซิกเนเจอร์แล้วไปต่อได้เลย ไม่เสียเวลา,Busy,Local,"Food, Quick, Siam",False,Anytime,"Solo, Friends",the karaked (siam square one),เดอะ การะเกด (สยามสแควร์วัน),False,1,,,13.7447,100.5335,"The Karaked (Siam Square One), Pathum Wan, Bangkok","เดอะ การะเกด (สยามสแควร์วัน), ปทุมวัน, กรุงเทพฯ","https://www.google.com/maps?q=13.7447,100.5335",10:00 AM - 10:00 PM,$,200,30,BTS Siam,BTS สยาม,3,Short walk from BTS Siam,เดินจาก BTS สยาม นิดเดียว,Limited,จำกัด,True,,,2026-04-23
BKK_F_1058,,After You (Siam Square One),อาฟเตอร์ ยู (สยามสแควร์วัน),Food,Filler,Pathum Wan,ปทุมวัน,Siam,สยาม,"The ultimate grab-and-go spot in Siam. Fast, tasty, and won't break the bank. Get the signature dish and keep moving.",ร้านเด็ดแบบรีบกินรีบไปในSiam รสชาติจัดจ้าน ราคาเป็นกันเอง แนะนำให้สั่งเมนูซิกเนเจอร์แล้วไปต่อได้เลย ไม่เสียเวลา,Busy,Local,"Food, Quick, Siam",False,Anytime,"Solo, Friends",after you (siam square one),อาฟเตอร์ ยู (สยามสแควร์วัน),False,1,,,13.7448,100.5335,"After You (Siam Square One), Pathum Wan, Bangkok","อาฟเตอร์ ยู (สยามสแควร์วัน), ปทุมวัน, กรุงเทพฯ","https://www.google.com/maps?q=13.7448,100.5335",10:00 AM - 10:00 PM,$,200,30,BTS Siam,BTS สยาม,3,Short walk from BTS Siam,เดินจาก BTS สยาม นิดเดียว,Limited,จำกัด,True,,,2026-04-23
BKK_F_1059,,KOI Thé (Siam Square One),โคอิ เตะ (สยามสแควร์วัน),Food,Filler,Pathum Wan,ปทุมวัน,Siam,สยาม,"The ultimate grab-and-go spot in Siam. Fast, tasty, and won't break the bank. Get the signature dish and keep moving.",ร้านเด็ดแบบรีบกินรีบไปในSiam รสชาติจัดจ้าน ราคาเป็นกันเอง แนะนำให้สั่งเมนูซิกเนเจอร์แล้วไปต่อได้เลย ไม่เสียเวลา,Busy,Local,"Food, Quick, Siam",False,Anytime,"Solo, Friends",koi thé (siam square one),โคอิ เตะ (สยามสแควร์วัน),False,1,,,13.7449,100.5335,"KOI Thé (Siam Square One), Pathum Wan, Bangkok","โคอิ เตะ (สยามสแควร์วัน), ปทุมวัน, กรุงเทพฯ","https://www.google.com/maps?q=13.7449,100.5335",10:00 AM - 10:00 PM,$,200,30,BTS Siam,BTS สยาม,3,Short walk from BTS Siam,เดินจาก BTS สยาม นิดเดียว,Limited,จำกัด,True,,,2026-04-23
BKK_F_1060,,Boost Juice Bars (Siam Paragon),บูสท์ จู๊ซ บาร์ (สยามพารากอน),Food,Filler,Pathum Wan,ปทุมวัน,Siam,สยาม,"The ultimate grab-and-go spot in Siam. Fast, tasty, and won't break the bank. Get the signature dish and keep moving.",ร้านเด็ดแบบรีบกินรีบไปในSiam รสชาติจัดจ้าน ราคาเป็นกันเอง แนะนำให้สั่งเมนูซิกเนเจอร์แล้วไปต่อได้เลย ไม่เสียเวลา,Busy,Local,"Food, Quick, Siam",False,Anytime,"Solo, Friends",boost juice bars (siam paragon),บูสท์ จู๊ซ บาร์ (สยามพารากอน),False,1,,,13.7440,100.5336,"Boost Juice Bars (Siam Paragon), Pathum Wan, Bangkok","บูสท์ จู๊ซ บาร์ (สยามพารากอน), ปทุมวัน, กรุงเทพฯ","https://www.google.com/maps?q=13.7440,100.5336",10:00 AM - 10:00 PM,$,200,30,BTS Siam,BTS สยาม,3,Short walk from BTS Siam,เดินจาก BTS สยาม นิดเดียว,Limited,จำกัด,True,,,2026-04-23
BKK_F_1061,,Gindaco (Siam Square One),กินดาโกะ (สยามสแควร์วัน),Food,Filler,Pathum Wan,ปทุมวัน,Siam,สยาม,"The ultimate grab-and-go spot in Siam. Fast, tasty, and won't break the bank. Get the signature dish and keep moving.",ร้านเด็ดแบบรีบกินรีบไปในSiam รสชาติจัดจ้าน ราคาเป็นกันเอง แนะนำให้สั่งเมนูซิกเนเจอร์แล้วไปต่อได้เลย ไม่เสียเวลา,Busy,Local,"Food, Quick, Siam",False,Anytime,"Solo, Friends",gindaco (siam square one),กินดาโกะ (สยามสแควร์วัน),False,1,,,13.7441,100.5336,"Gindaco (Siam Square One), Pathum Wan, Bangkok","กินดาโกะ (สยามสแควร์วัน), ปทุมวัน, กรุงเทพฯ","https://www.google.com/maps?q=13.7441,100.5336",10:00 AM - 10:00 PM,$,200,30,BTS Siam,BTS สยาม,3,Short walk from BTS Siam,เดินจาก BTS สยาม นิดเดียว,Limited,จำกัด,True,,,2026-04-23
BKK_F_1062,,Auntie Anne's (BTS Siam),อานตี้ แอนส์ (BTS สยาม),Food,Filler,Pathum Wan,ปทุมวัน,Siam,สยาม,"The ultimate grab-and-go spot in Siam. Fast, tasty, and won't break the bank. Get the signature dish and keep moving.",ร้านเด็ดแบบรีบกินรีบไปในSiam รสชาติจัดจ้าน ราคาเป็นกันเอง แนะนำให้สั่งเมนูซิกเนเจอร์แล้วไปต่อได้เลย ไม่เสียเวลา,Busy,Local,"Food, Quick, Siam",False,Anytime,"Solo, Friends",auntie anne's (bts siam),อานตี้ แอนส์ (BTS สยาม),False,1,,,13.7442,100.5336,"Auntie Anne's (BTS Siam), Pathum Wan, Bangkok","อานตี้ แอนส์ (BTS สยาม), ปทุมวัน, กรุงเทพฯ","https://www.google.com/maps?q=13.7442,100.5336",10:00 AM - 10:00 PM,$,200,30,BTS Siam,BTS สยาม,3,Short walk from BTS Siam,เดินจาก BTS สยาม นิดเดียว,Limited,จำกัด,True,,,2026-04-23
BKK_F_1063,,BreadTalk (Siam Paragon),เบรดทอล์ค (สยามพารากอน),Food,Filler,Pathum Wan,ปทุมวัน,Siam,สยาม,"The ultimate grab-and-go spot in Siam. Fast, tasty, and won't break the bank. Get the signature dish and keep moving.",ร้านเด็ดแบบรีบกินรีบไปในSiam รสชาติจัดจ้าน ราคาเป็นกันเอง แนะนำให้สั่งเมนูซิกเนเจอร์แล้วไปต่อได้เลย ไม่เสียเวลา,Busy,Local,"Food, Quick, Siam",False,Anytime,"Solo, Friends",breadtalk (siam paragon),เบรดทอล์ค (สยามพารากอน),False,1,,,13.7443,100.5336,"BreadTalk (Siam Paragon), Pathum Wan, Bangkok","เบรดทอล์ค (สยามพารากอน), ปทุมวัน, กรุงเทพฯ","https://www.google.com/maps?q=13.7443,100.5336",10:00 AM - 10:00 PM,$,200,30,BTS Siam,BTS สยาม,3,Short walk from BTS Siam,เดินจาก BTS สยาม นิดเดียว,Limited,จำกัด,True,,,2026-04-23
BKK_F_1064,,Krispy Kreme (Siam Paragon),คริสปี้ ครีม (สยามพารากอน),Food,Filler,Pathum Wan,ปทุมวัน,Siam,สยาม,"The ultimate grab-and-go spot in Siam. Fast, tasty, and won't break the bank. Get the signature dish and keep moving.",ร้านเด็ดแบบรีบกินรีบไปในSiam รสชาติจัดจ้าน ราคาเป็นกันเอง แนะนำให้สั่งเมนูซิกเนเจอร์แล้วไปต่อได้เลย ไม่เสียเวลา,Busy,Local,"Food, Quick, Siam",False,Anytime,"Solo, Friends",krispy kreme (siam paragon),คริสปี้ ครีม (สยามพารากอน),False,1,,,13.7444,100.5336,"Krispy Kreme (Siam Paragon), Pathum Wan, Bangkok","คริสปี้ ครีม (สยามพารากอน), ปทุมวัน, กรุงเทพฯ","https://www.google.com/maps?q=13.7444,100.5336",10:00 AM - 10:00 PM,$,200,30,BTS Siam,BTS สยาม,3,Short walk from BTS Siam,เดินจาก BTS สยาม นิดเดียว,Limited,จำกัด,True,,,2026-04-23
BKK_F_1065,,Garrett Popcorn (Siam Paragon),การ์เร็ต ป๊อปคอร์น (สยามพารากอน),Food,Filler,Pathum Wan,ปทุมวัน,Siam,สยาม,"The ultimate grab-and-go spot in Siam. Fast, tasty, and won't break the bank. Get the signature dish and keep moving.",ร้านเด็ดแบบรีบกินรีบไปในSiam รสชาติจัดจ้าน ราคาเป็นกันเอง แนะนำให้สั่งเมนูซิกเนเจอร์แล้วไปต่อได้เลย ไม่เสียเวลา,Busy,Local,"Food, Quick, Siam",False,Anytime,"Solo, Friends",garrett popcorn (siam paragon),การ์เร็ต ป๊อปคอร์น (สยามพารากอน),False,1,,,13.7445,100.5336,"Garrett Popcorn (Siam Paragon), Pathum Wan, Bangkok","การ์เร็ต ป๊อปคอร์น (สยามพารากอน), ปทุมวัน, กรุงเทพฯ","https://www.google.com/maps?q=13.7445,100.5336",10:00 AM - 10:00 PM,$,200,30,BTS Siam,BTS สยาม,3,Short walk from BTS Siam,เดินจาก BTS สยาม นิดเดียว,Limited,จำกัด,True,,,2026-04-23
BKK_F_1066,,Lin-Fa (Siam Square),หลินฟ้า (สยามสแควร์),Food,Filler,Pathum Wan,ปทุมวัน,Siam,สยาม,"The ultimate grab-and-go spot in Siam. Fast, tasty, and won't break the bank. Get the signature dish and keep moving.",ร้านเด็ดแบบรีบกินรีบไปในSiam รสชาติจัดจ้าน ราคาเป็นกันเอง แนะนำให้สั่งเมนูซิกเนเจอร์แล้วไปต่อได้เลย ไม่เสียเวลา,Busy,Local,"Food, Quick, Siam",False,Anytime,"Solo, Friends",lin-fa (siam square),หลินฟ้า (สยามสแควร์),False,1,,,13.7446,100.5336,"Lin-Fa (Siam Square), Pathum Wan, Bangkok","หลินฟ้า (สยามสแควร์), ปทุมวัน, กรุงเทพฯ","https://www.google.com/maps?q=13.7446,100.5336",10:00 AM - 10:00 PM,$,200,30,BTS Siam,BTS สยาม,3,Short walk from BTS Siam,เดินจาก BTS สยาม นิดเดียว,Limited,จำกัด,True,,,2026-04-23
BKK_F_1067,,ChaTraMue (BTS Asok),ชาตรามือ (BTS อโศก),Food,Filler,Watthana,วัฒนา,Asok,อโศก,"The ultimate grab-and-go spot in Sukhumvit-Asok. Fast, tasty, and won't break the bank. Get the signature dish and keep moving.",ร้านเด็ดแบบรีบกินรีบไปในSukhumvit-Asok รสชาติจัดจ้าน ราคาเป็นกันเอง แนะนำให้สั่งเมนูซิกเนเจอร์แล้วไปต่อได้เลย ไม่เสียเวลา,Busy,Local,"Food, Quick, Sukhumvit-Asok",False,Anytime,"Solo, Friends",chatramue (bts asok),ชาตรามือ (BTS อโศก),False,1,,,13.7377,100.5606,"ChaTraMue (BTS Asok), Watthana, Bangkok","ชาตรามือ (BTS อโศก), วัฒนา, กรุงเทพฯ","https://www.google.com/maps?q=13.7377,100.5606",10:00 AM - 10:00 PM,$,200,30,BTS Asok,BTS อโศก,3,Short walk from BTS Asok,เดินจาก BTS อโศก นิดเดียว,Limited,จำกัด,True,,,2026-04-23
BKK_F_1068,,Kamu Kamu (BTS Asok),คามุ คามุ (BTS อโศก),Food,Filler,Watthana,วัฒนา,Asok,อโศก,"The ultimate grab-and-go spot in Sukhumvit-Asok. Fast, tasty, and won't break the bank. Get the signature dish and keep moving.",ร้านเด็ดแบบรีบกินรีบไปในSukhumvit-Asok รสชาติจัดจ้าน ราคาเป็นกันเอง แนะนำให้สั่งเมนูซิกเนเจอร์แล้วไปต่อได้เลย ไม่เสียเวลา,Busy,Local,"Food, Quick, Sukhumvit-Asok",False,Anytime,"Solo, Friends",kamu kamu (bts asok),คามุ คามุ (BTS อโศก),False,1,,,13.7378,100.5606,"Kamu Kamu (BTS Asok), Watthana, Bangkok","คามุ คามุ (BTS อโศก), วัฒนา, กรุงเทพฯ","https://www.google.com/maps?q=13.7378,100.5606",10:00 AM - 10:00 PM,$,200,30,BTS Asok,BTS อโศก,3,Short walk from BTS Asok,เดินจาก BTS อโศก นิดเดียว,Limited,จำกัด,True,,,2026-04-23
BKK_F_1069,,Subway (Sukhumvit Soi 11),ซับเวย์ (สุขุมวิท 11),Food,Filler,Watthana,วัฒนา,Nana,นานา,"The ultimate grab-and-go spot in Sukhumvit-Nana. Fast, tasty, and won't break the bank. Get the signature dish and keep moving.",ร้านเด็ดแบบรีบกินรีบไปในSukhumvit-Nana รสชาติจัดจ้าน ราคาเป็นกันเอง แนะนำให้สั่งเมนูซิกเนเจอร์แล้วไปต่อได้เลย ไม่เสียเวลา,Busy,Local,"Food, Quick, Sukhumvit-Nana",False,Anytime,"Solo, Friends",subway (sukhumvit soi 11),ซับเวย์ (สุขุมวิท 11),False,1,,,13.7439,100.5566,"Subway (Sukhumvit Soi 11), Watthana, Bangkok","ซับเวย์ (สุขุมวิท 11), วัฒนา, กรุงเทพฯ","https://www.google.com/maps?q=13.7439,100.5566",10:00 AM - 10:00 PM,$,200,30,BTS Nana,BTS นานา,3,Short walk from BTS Nana,เดินจาก BTS นานา นิดเดียว,Limited,จำกัด,True,,,2026-04-23
BKK_F_1070,,Sunrise Tacos (Sukhumvit Soi 11),ซันไรส์ ทาโก้ (สุขุมวิท 11),Food,Filler,Watthana,วัฒนา,Nana,นานา,"The ultimate grab-and-go spot in Sukhumvit-Nana. Fast, tasty, and won't break the bank. Get the signature dish and keep moving.",ร้านเด็ดแบบรีบกินรีบไปในSukhumvit-Nana รสชาติจัดจ้าน ราคาเป็นกันเอง แนะนำให้สั่งเมนูซิกเนเจอร์แล้วไปต่อได้เลย ไม่เสียเวลา,Busy,Local,"Food, Quick, Sukhumvit-Nana",False,Anytime,"Solo, Friends",sunrise tacos (sukhumvit soi 11),ซันไรส์ ทาโก้ (สุขุมวิท 11),False,1,,,13.7430,100.5567,"Sunrise Tacos (Sukhumvit Soi 11), Watthana, Bangkok","ซันไรส์ ทาโก้ (สุขุมวิท 11), วัฒนา, กรุงเทพฯ","https://www.google.com/maps?q=13.7430,100.5567",10:00 AM - 10:00 PM,$,200,30,BTS Nana,BTS นานา,3,Short walk from BTS Nana,เดินจาก BTS นานา นิดเดียว,Limited,จำกัด,True,,,2026-04-23
BKK_F_1071,,Bawarchi (Sukhumvit Soi 11),บาวาชิ (สุขุมวิท 11),Food,Filler,Watthana,วัฒนา,Nana,นานา,"The ultimate grab-and-go spot in Sukhumvit-Nana. Fast, tasty, and won't break the bank. Get the signature dish and keep moving.",ร้านเด็ดแบบรีบกินรีบไปในSukhumvit-Nana รสชาติจัดจ้าน ราคาเป็นกันเอง แนะนำให้สั่งเมนูซิกเนเจอร์แล้วไปต่อได้เลย ไม่เสียเวลา,Busy,Local,"Food, Quick, Sukhumvit-Nana",False,Anytime,"Solo, Friends",bawarchi (sukhumvit soi 11),บาวาชิ (สุขุมวิท 11),False,1,,,13.7431,100.5567,"Bawarchi (Sukhumvit Soi 11), Watthana, Bangkok","บาวาชิ (สุขุมวิท 11), วัฒนา, กรุงเทพฯ","https://www.google.com/maps?q=13.7431,100.5567",10:00 AM - 10:00 PM,$,200,30,BTS Nana,BTS นานา,3,Short walk from BTS Nana,เดินจาก BTS นานา นิดเดียว,Limited,จำกัด,True,,,2026-04-23
BKK_F_1072,,Hachiban Ramen (Silom Complex),ฮะจิบัง ราเมน (สีลม คอมเพล็กซ์),Food,Filler,Bang Rak,บางรัก,Silom,สีลม,"The ultimate grab-and-go spot in Silom. Fast, tasty, and won't break the bank. Get the signature dish and keep moving.",ร้านเด็ดแบบรีบกินรีบไปในSilom รสชาติจัดจ้าน ราคาเป็นกันเอง แนะนำให้สั่งเมนูซิกเนเจอร์แล้วไปต่อได้เลย ไม่เสียเวลา,Busy,Local,"Food, Quick, Silom",False,Anytime,"Solo, Friends",hachiban ramen (silom complex),ฮะจิบัง ราเมน (สีลม คอมเพล็กซ์),False,1,,,13.7292,100.5347,"Hachiban Ramen (Silom Complex), Bang Rak, Bangkok","ฮะจิบัง ราเมน (สีลม คอมเพล็กซ์), บางรัก, กรุงเทพฯ","https://www.google.com/maps?q=13.7292,100.5347",10:00 AM - 10:00 PM,$,200,30,BTS Sala Daeng,BTS ศาลาแดง,3,Short walk from BTS Sala Daeng,เดินจาก BTS ศาลาแดง นิดเดียว,Limited,จำกัด,True,,,2026-04-23
BKK_F_1073,,Pepper Lunch (Silom Complex),เพปเปอร์ ลันช์ (สีลม คอมเพล็กซ์),Food,Filler,Bang Rak,บางรัก,Silom,สีลม,"The ultimate grab-and-go spot in Silom. Fast, tasty, and won't break the bank. Get the signature dish and keep moving.",ร้านเด็ดแบบรีบกินรีบไปในSilom รสชาติจัดจ้าน ราคาเป็นกันเอง แนะนำให้สั่งเมนูซิกเนเจอร์แล้วไปต่อได้เลย ไม่เสียเวลา,Busy,Local,"Food, Quick, Silom",False,Anytime,"Solo, Friends",pepper lunch (silom complex),เพปเปอร์ ลันช์ (สีลม คอมเพล็กซ์),False,1,,,13.7293,100.5347,"Pepper Lunch (Silom Complex), Bang Rak, Bangkok","เพปเปอร์ ลันช์ (สีลม คอมเพล็กซ์), บางรัก, กรุงเทพฯ","https://www.google.com/maps?q=13.7293,100.5347",10:00 AM - 10:00 PM,$,200,30,BTS Sala Daeng,BTS ศาลาแดง,3,Short walk from BTS Sala Daeng,เดินจาก BTS ศาลาแดง นิดเดียว,Limited,จำกัด,True,,,2026-04-23
BKK_F_1074,,Swensen's (Silom Complex),สเวนเซ่นส์ (สีลม คอมเพล็กซ์),Food,Filler,Bang Rak,บางรัก,Silom,สีลม,"The ultimate grab-and-go spot in Silom. Fast, tasty, and won't break the bank. Get the signature dish and keep moving.",ร้านเด็ดแบบรีบกินรีบไปในSilom รสชาติจัดจ้าน ราคาเป็นกันเอง แนะนำให้สั่งเมนูซิกเนเจอร์แล้วไปต่อได้เลย ไม่เสียเวลา,Busy,Local,"Food, Quick, Silom",False,Anytime,"Solo, Friends",swensen's (silom complex),สเวนเซ่นส์ (สีลม คอมเพล็กซ์),False,1,,,13.7294,100.5347,"Swensen's (Silom Complex), Bang Rak, Bangkok","สเวนเซ่นส์ (สีลม คอมเพล็กซ์), บางรัก, กรุงเทพฯ","https://www.google.com/maps?q=13.7294,100.5347",10:00 AM - 10:00 PM,$,200,30,BTS Sala Daeng,BTS ศาลาแดง,3,Short walk from BTS Sala Daeng,เดินจาก BTS ศาลาแดง นิดเดียว,Limited,จำกัด,True,,,2026-04-23
BKK_S_1075,,7-Eleven Mansion (Sukhumvit 11),เซเว่น อีเลฟเว่น แมนชั่น (สุขุมวิท 11),Shop,Filler,Watthana,วัฒนา,Nana,นานา,A lifesaver in Sukhumvit-Nana for essentials. They have everything from Japanese snacks to the legendary ham and cheese toastie.,จุดแวะพักหาของกินของใช้ที่พึ่งพายามยากในSukhumvit-Nana มีทุกอย่างตั้งแต่ขนมญี่ปุ่นยันแซนวิชอบร้อนในตำนาน สะดวกสุดๆ,Busy,Local,"Shop, Quick, Sukhumvit-Nana",False,Anytime,"Solo, Friends",7-eleven mansion (sukhumvit 11),เซเว่น อีเลฟเว่น แมนชั่น (สุขุมวิท 11),False,1,,,13.7435,100.5567,"7-Eleven Mansion (Sukhumvit 11), Watthana, Bangkok","เซเว่น อีเลฟเว่น แมนชั่น (สุขุมวิท 11), วัฒนา, กรุงเทพฯ","https://www.google.com/maps?q=13.7435,100.5567",10:00 AM - 10:00 PM,$,200,30,BTS Nana,BTS นานา,3,Short walk from BTS Nana,เดินจาก BTS นานา นิดเดียว,Limited,จำกัด,True,,,2026-04-23
BKK_S_1076,,7-Eleven CP Tower (Silom),เซเว่น อีเลฟเว่น ซีพี ทาวเวอร์ (สีลม),Shop,Filler,Bang Rak,บางรัก,Silom,สีลม,A lifesaver in Silom for essentials. They have everything from Japanese snacks to the legendary ham and cheese toastie.,จุดแวะพักหาของกินของใช้ที่พึ่งพายามยากในSilom มีทุกอย่างตั้งแต่ขนมญี่ปุ่นยันแซนวิชอบร้อนในตำนาน สะดวกสุดๆ,Busy,Local,"Shop, Quick, Silom",False,Anytime,"Solo, Friends",7-eleven cp tower (silom),เซเว่น อีเลฟเว่น ซีพี ทาวเวอร์ (สีลม),False,1,,,13.7296,100.5347,"7-Eleven CP Tower (Silom), Bang Rak, Bangkok","เซเว่น อีเลฟเว่น ซีพี ทาวเวอร์ (สีลม), บางรัก, กรุงเทพฯ","https://www.google.com/maps?q=13.7296,100.5347",10:00 AM - 10:00 PM,$,200,30,BTS Sala Daeng,BTS ศาลาแดง,3,Short walk from BTS Sala Daeng,เดินจาก BTS ศาลาแดง นิดเดียว,Limited,จำกัด,True,,,2026-04-23
BKK_S_1077,,7-Eleven Siam Square One,เซเว่น อีเลฟเว่น สยามสแควร์วัน,Shop,Filler,Pathum Wan,ปทุมวัน,Siam,สยาม,A lifesaver in Siam for essentials. They have everything from Japanese snacks to the legendary ham and cheese toastie.,จุดแวะพักหาของกินของใช้ที่พึ่งพายามยากในSiam มีทุกอย่างตั้งแต่ขนมญี่ปุ่นยันแซนวิชอบร้อนในตำนาน สะดวกสุดๆ,Busy,Local,"Shop, Quick, Siam",False,Anytime,"Solo, Friends",7-eleven siam square one,เซเว่น อีเลฟเว่น สยามสแควร์วัน,False,1,,,13.7447,100.5337,"7-Eleven Siam Square One, Pathum Wan, Bangkok","เซเว่น อีเลฟเว่น สยามสแควร์วัน, ปทุมวัน, กรุงเทพฯ","https://www.google.com/maps?q=13.7447,100.5337",10:00 AM - 10:00 PM,$,200,30,BTS Siam,BTS สยาม,3,Short walk from BTS Siam,เดินจาก BTS สยาม นิดเดียว,Limited,จำกัด,True,,,2026-04-23
BKK_S_1078,,7-Eleven Underground (Siam Link),เซเว่น อีเลฟเว่น ทางเชื่อมสยาม,Shop,Filler,Pathum Wan,ปทุมวัน,Siam,สยาม,A lifesaver in Siam for essentials. They have everything from Japanese snacks to the legendary ham and cheese toastie.,จุดแวะพักหาของกินของใช้ที่พึ่งพายามยากในSiam มีทุกอย่างตั้งแต่ขนมญี่ปุ่นยันแซนวิชอบร้อนในตำนาน สะดวกสุดๆ,Busy,Local,"Shop, Quick, Siam",False,Anytime,"Solo, Friends",7-eleven underground (siam link),เซเว่น อีเลฟเว่น ทางเชื่อมสยาม,False,1,,,13.7448,100.5337,"7-Eleven Underground (Siam Link), Pathum Wan, Bangkok","เซเว่น อีเลฟเว่น ทางเชื่อมสยาม, ปทุมวัน, กรุงเทพฯ","https://www.google.com/maps?q=13.7448,100.5337",10:00 AM - 10:00 PM,$,200,30,BTS Siam,BTS สยาม,3,Short walk from BTS Siam,เดินจาก BTS สยาม นิดเดียว,Limited,จำกัด,True,,,2026-04-23
BKK_S_1079,,Boots (Siam Paragon),บู๊ทส์ (สยามพารากอน),Shop,Filler,Pathum Wan,ปทุมวัน,Siam,สยาม,A lifesaver in Siam for essentials. They have everything from Japanese snacks to the legendary ham and cheese toastie.,จุดแวะพักหาของกินของใช้ที่พึ่งพายามยากในSiam มีทุกอย่างตั้งแต่ขนมญี่ปุ่นยันแซนวิชอบร้อนในตำนาน สะดวกสุดๆ,Busy,Local,"Shop, Quick, Siam",False,Anytime,"Solo, Friends",boots (siam paragon),บู๊ทส์ (สยามพารากอน),False,1,,,13.7449,100.5337,"Boots (Siam Paragon), Pathum Wan, Bangkok","บู๊ทส์ (สยามพารากอน), ปทุมวัน, กรุงเทพฯ","https://www.google.com/maps?q=13.7449,100.5337",10:00 AM - 10:00 PM,$,200,30,BTS Siam,BTS สยาม,3,Short walk from BTS Siam,เดินจาก BTS สยาม นิดเดียว,Limited,จำกัด,True,,,2026-04-23
BKK_S_1080,,Watsons (Siam Paragon),วัตสัน (สยามพารากอน),Shop,Filler,Pathum Wan,ปทุมวัน,Siam,สยาม,A lifesaver in Siam for essentials. They have everything from Japanese snacks to the legendary ham and cheese toastie.,จุดแวะพักหาของกินของใช้ที่พึ่งพายามยากในSiam มีทุกอย่างตั้งแต่ขนมญี่ปุ่นยันแซนวิชอบร้อนในตำนาน สะดวกสุดๆ,Busy,Local,"Shop, Quick, Siam",False,Anytime,"Solo, Friends",watsons (siam paragon),วัตสัน (สยามพารากอน),False,1,,,13.7440,100.5338,"Watsons (Siam Paragon), Pathum Wan, Bangkok","วัตสัน (สยามพารากอน), ปทุมวัน, กรุงเทพฯ","https://www.google.com/maps?q=13.7440,100.5338",10:00 AM - 10:00 PM,$,200,30,BTS Siam,BTS สยาม,3,Short walk from BTS Siam,เดินจาก BTS สยาม นิดเดียว,Limited,จำกัด,True,,,2026-04-23
BKK_S_1081,,EVEANDBOY (Siam Square One),อีฟแอนด์บอย (สยามสแควร์วัน),Shop,Filler,Pathum Wan,ปทุมวัน,Siam,สยาม,A lifesaver in Siam for essentials. They have everything from Japanese snacks to the legendary ham and cheese toastie.,จุดแวะพักหาของกินของใช้ที่พึ่งพายามยากในSiam มีทุกอย่างตั้งแต่ขนมญี่ปุ่นยันแซนวิชอบร้อนในตำนาน สะดวกสุดๆ,Busy,Local,"Shop, Quick, Siam",False,Anytime,"Solo, Friends",eveandboy (siam square one),อีฟแอนด์บอย (สยามสแควร์วัน),False,1,,,13.7441,100.5338,"EVEANDBOY (Siam Square One), Pathum Wan, Bangkok","อีฟแอนด์บอย (สยามสแควร์วัน), ปทุมวัน, กรุงเทพฯ","https://www.google.com/maps?q=13.7441,100.5338",10:00 AM - 10:00 PM,$,200,30,BTS Siam,BTS สยาม,3,Short walk from BTS Siam,เดินจาก BTS สยาม นิดเดียว,Limited,จำกัด,True,,,2026-04-23
BKK_S_1082,,Gourmet Market (Terminal 21),กูร์เมต์ มาร์เก็ต (เทอร์มินอล 21),Shop,Filler,Watthana,วัฒนา,Asok,อโศก,A lifesaver in Sukhumvit-Asok for essentials. They have everything from Japanese snacks to the legendary ham and cheese toastie.,จุดแวะพักหาของกินของใช้ที่พึ่งพายามยากในSukhumvit-Asok มีทุกอย่างตั้งแต่ขนมญี่ปุ่นยันแซนวิชอบร้อนในตำนาน สะดวกสุดๆ,Busy,Local,"Shop, Quick, Sukhumvit-Asok",False,Anytime,"Solo, Friends",gourmet market (terminal 21),กูร์เมต์ มาร์เก็ต (เทอร์มินอล 21),False,1,,,13.7372,100.5608,"Gourmet Market (Terminal 21), Watthana, Bangkok","กูร์เมต์ มาร์เก็ต (เทอร์มินอล 21), วัฒนา, กรุงเทพฯ","https://www.google.com/maps?q=13.7372,100.5608",10:00 AM - 10:00 PM,$,200,30,BTS Asok,BTS อโศก,3,Short walk from BTS Asok,เดินจาก BTS อโศก นิดเดียว,Limited,จำกัด,True,,,2026-04-23
BKK_S_1083,,Boots (Terminal 21),บู๊ทส์ (เทอร์มินอล 21),Shop,Filler,Watthana,วัฒนา,Asok,อโศก,A lifesaver in Sukhumvit-Asok for essentials. They have everything from Japanese snacks to the legendary ham and cheese toastie.,จุดแวะพักหาของกินของใช้ที่พึ่งพายามยากในSukhumvit-Asok มีทุกอย่างตั้งแต่ขนมญี่ปุ่นยันแซนวิชอบร้อนในตำนาน สะดวกสุดๆ,Busy,Local,"Shop, Quick, Sukhumvit-Asok",False,Anytime,"Solo, Friends",boots (terminal 21),บู๊ทส์ (เทอร์มินอล 21),False,1,,,13.7373,100.5608,"Boots (Terminal 21), Watthana, Bangkok","บู๊ทส์ (เทอร์มินอล 21), วัฒนา, กรุงเทพฯ","https://www.google.com/maps?q=13.7373,100.5608",10:00 AM - 10:00 PM,$,200,30,BTS Asok,BTS อโศก,3,Short walk from BTS Asok,เดินจาก BTS อโศก นิดเดียว,Limited,จำกัด,True,,,2026-04-23
BKK_S_1084,,Gourmet Market (EmQuartier),กูร์เมต์ มาร์เก็ต (เอ็มควอเทียร์),Shop,Filler,Khlong Toei,คลองเตย,Phrom Phong,พร้อมพงษ์,A lifesaver in Sukhumvit-PhromPhong for essentials. They have everything from Japanese snacks to the legendary ham and cheese toastie.,จุดแวะพักหาของกินของใช้ที่พึ่งพายามยากในSukhumvit-PhromPhong มีทุกอย่างตั้งแต่ขนมญี่ปุ่นยันแซนวิชอบร้อนในตำนาน สะดวกสุดๆ,Busy,Local,"Shop, Quick, Sukhumvit-PhromPhong",False,Anytime,"Solo, Friends",gourmet market (emquartier),กูร์เมต์ มาร์เก็ต (เอ็มควอเทียร์),False,1,,,13.7304,100.5698,"Gourmet Market (EmQuartier), Khlong Toei, Bangkok","กูร์เมต์ มาร์เก็ต (เอ็มควอเทียร์), คลองเตย, กรุงเทพฯ","https://www.google.com/maps?q=13.7304,100.5698",10:00 AM - 10:00 PM,$,200,30,BTS Phrom Phong,BTS พร้อมพงษ์,3,Short walk from BTS Phrom Phong,เดินจาก BTS พร้อมพงษ์ นิดเดียว,Limited,จำกัด,True,,,2026-04-23
BKK_S_1085,,Kinokuniya (EmQuartier),คิโนะคูนิยะ (เอ็มควอเทียร์),Shop,Filler,Khlong Toei,คลองเตย,Phrom Phong,พร้อมพงษ์,A lifesaver in Sukhumvit-PhromPhong for essentials. They have everything from Japanese snacks to the legendary ham and cheese toastie.,จุดแวะพักหาของกินของใช้ที่พึ่งพายามยากในSukhumvit-PhromPhong มีทุกอย่างตั้งแต่ขนมญี่ปุ่นยันแซนวิชอบร้อนในตำนาน สะดวกสุดๆ,Busy,Local,"Shop, Quick, Sukhumvit-PhromPhong",False,Anytime,"Solo, Friends",kinokuniya (emquartier),คิโนะคูนิยะ (เอ็มควอเทียร์),False,1,,,13.7305,100.5698,"Kinokuniya (EmQuartier), Khlong Toei, Bangkok","คิโนะคูนิยะ (เอ็มควอเทียร์), คลองเตย, กรุงเทพฯ","https://www.google.com/maps?q=13.7305,100.5698",10:00 AM - 10:00 PM,$,200,30,BTS Phrom Phong,BTS พร้อมพงษ์,3,Short walk from BTS Phrom Phong,เดินจาก BTS พร้อมพงษ์ นิดเดียว,Limited,จำกัด,True,,,2026-04-23
BKK_S_1086,,IKEA City Store (EmSphere),อิเกีย ซิตี้ สโตร์ (เอ็มสเฟียร์),Shop,Filler,Khlong Toei,คลองเตย,Phrom Phong,พร้อมพงษ์,A lifesaver in Sukhumvit-PhromPhong for essentials. They have everything from Japanese snacks to the legendary ham and cheese toastie.,จุดแวะพักหาของกินของใช้ที่พึ่งพายามยากในSukhumvit-PhromPhong มีทุกอย่างตั้งแต่ขนมญี่ปุ่นยันแซนวิชอบร้อนในตำนาน สะดวกสุดๆ,Busy,Local,"Shop, Quick, Sukhumvit-PhromPhong",False,Anytime,"Solo, Friends",ikea city store (emsphere),อิเกีย ซิตี้ สโตร์ (เอ็มสเฟียร์),False,1,,,13.7306,100.5698,"IKEA City Store (EmSphere), Khlong Toei, Bangkok","อิเกีย ซิตี้ สโตร์ (เอ็มสเฟียร์), คลองเตย, กรุงเทพฯ","https://www.google.com/maps?q=13.7306,100.5698",10:00 AM - 10:00 PM,$,200,30,BTS Phrom Phong,BTS พร้อมพงษ์,3,Short walk from BTS Phrom Phong,เดินจาก BTS พร้อมพงษ์ นิดเดียว,Limited,จำกัด,True,,,2026-04-23
BKK_S_1087,,Tops Supermarket (Silom Complex),ท็อปส์ ซูเปอร์มาร์เก็ต (สีลม คอมเพล็กซ์),Shop,Filler,Bang Rak,บางรัก,Silom,สีลม,A lifesaver in Silom for essentials. They have everything from Japanese snacks to the legendary ham and cheese toastie.,จุดแวะพักหาของกินของใช้ที่พึ่งพายามยากในSilom มีทุกอย่างตั้งแต่ขนมญี่ปุ่นยันแซนวิชอบร้อนในตำนาน สะดวกสุดๆ,Busy,Local,"Shop, Quick, Silom",False,Anytime,"Solo, Friends",tops supermarket (silom complex),ท็อปส์ ซูเปอร์มาร์เก็ต (สีลม คอมเพล็กซ์),False,1,,,13.7297,100.5348,"Tops Supermarket (Silom Complex), Bang Rak, Bangkok","ท็อปส์ ซูเปอร์มาร์เก็ต (สีลม คอมเพล็กซ์), บางรัก, กรุงเทพฯ","https://www.google.com/maps?q=13.7297,100.5348",10:00 AM - 10:00 PM,$,200,30,BTS Sala Daeng,BTS ศาลาแดง,3,Short walk from BTS Sala Daeng,เดินจาก BTS ศาลาแดง นิดเดียว,Limited,จำกัด,True,,,2026-04-23
BKK_S_1088,,Muji (Silom Complex),มูจิ (สีลม คอมเพล็กซ์),Shop,Filler,Bang Rak,บางรัก,Silom,สีลม,A lifesaver in Silom for essentials. They have everything from Japanese snacks to the legendary ham and cheese toastie.,จุดแวะพักหาของกินของใช้ที่พึ่งพายามยากในSilom มีทุกอย่างตั้งแต่ขนมญี่ปุ่นยันแซนวิชอบร้อนในตำนาน สะดวกสุดๆ,Busy,Local,"Shop, Quick, Silom",False,Anytime,"Solo, Friends",muji (silom complex),มูจิ (สีลม คอมเพล็กซ์),False,1,,,13.7298,100.5348,"Muji (Silom Complex), Bang Rak, Bangkok","มูจิ (สีลม คอมเพล็กซ์), บางรัก, กรุงเทพฯ","https://www.google.com/maps?q=13.7298,100.5348",10:00 AM - 10:00 PM,$,200,30,BTS Sala Daeng,BTS ศาลาแดง,3,Short walk from BTS Sala Daeng,เดินจาก BTS ศาลาแดง นิดเดียว,Limited,จำกัด,True,,,2026-04-23
BKK_S_1089,,Watsons (Silom Complex),วัตสัน (สีลม คอมเพล็กซ์),Shop,Filler,Bang Rak,บางรัก,Silom,สีลม,A lifesaver in Silom for essentials. They have everything from Japanese snacks to the legendary ham and cheese toastie.,จุดแวะพักหาของกินของใช้ที่พึ่งพายามยากในSilom มีทุกอย่างตั้งแต่ขนมญี่ปุ่นยันแซนวิชอบร้อนในตำนาน สะดวกสุดๆ,Busy,Local,"Shop, Quick, Silom",False,Anytime,"Solo, Friends",watsons (silom complex),วัตสัน (สีลม คอมเพล็กซ์),False,1,,,13.7299,100.5348,"Watsons (Silom Complex), Bang Rak, Bangkok","วัตสัน (สีลม คอมเพล็กซ์), บางรัก, กรุงเทพฯ","https://www.google.com/maps?q=13.7299,100.5348",10:00 AM - 10:00 PM,$,200,30,BTS Sala Daeng,BTS ศาลาแดง,3,Short walk from BTS Sala Daeng,เดินจาก BTS ศาลาแดง นิดเดียว,Limited,จำกัด,True,,,2026-04-23
BKK_S_1090,,7-Eleven (Sukhumvit Soi 23 corner),เซเว่น อีเลฟเว่น (ปากซอยสุขุมวิท 23),Shop,Filler,Watthana,วัฒนา,Asok,อโศก,A lifesaver in Sukhumvit-Asok for essentials. They have everything from Japanese snacks to the legendary ham and cheese toastie.,จุดแวะพักหาของกินของใช้ที่พึ่งพายามยากในSukhumvit-Asok มีทุกอย่างตั้งแต่ขนมญี่ปุ่นยันแซนวิชอบร้อนในตำนาน สะดวกสุดๆ,Busy,Local,"Shop, Quick, Sukhumvit-Asok",False,Anytime,"Solo, Friends",7-eleven (sukhumvit soi 23 corner),เซเว่น อีเลฟเว่น (ปากซอยสุขุมวิท 23),False,1,,,13.7370,100.5609,"7-Eleven (Sukhumvit Soi 23 corner), Watthana, Bangkok","เซเว่น อีเลฟเว่น (ปากซอยสุขุมวิท 23), วัฒนา, กรุงเทพฯ","https://www.google.com/maps?q=13.7370,100.5609",10:00 AM - 10:00 PM,$,200,30,BTS Asok,BTS อโศก,3,Short walk from BTS Asok,เดินจาก BTS อโศก นิดเดียว,Limited,จำกัด,True,,,2026-04-23
BKK_S_1091,,7-Eleven (Sukhumvit Soi 22 middle),เซเว่น อีเลฟเว่น (กลางซอยสุขุมวิท 22),Shop,Filler,Khlong Toei,คลองเตย,Phrom Phong,พร้อมพงษ์,A lifesaver in Sukhumvit-PhromPhong for essentials. They have everything from Japanese snacks to the legendary ham and cheese toastie.,จุดแวะพักหาของกินของใช้ที่พึ่งพายามยากในSukhumvit-PhromPhong มีทุกอย่างตั้งแต่ขนมญี่ปุ่นยันแซนวิชอบร้อนในตำนาน สะดวกสุดๆ,Busy,Local,"Shop, Quick, Sukhumvit-PhromPhong",False,Anytime,"Solo, Friends",7-eleven (sukhumvit soi 22 middle),เซเว่น อีเลฟเว่น (กลางซอยสุขุมวิท 22),False,1,,,13.7301,100.5699,"7-Eleven (Sukhumvit Soi 22 middle), Khlong Toei, Bangkok","เซเว่น อีเลฟเว่น (กลางซอยสุขุมวิท 22), คลองเตย, กรุงเทพฯ","https://www.google.com/maps?q=13.7301,100.5699",10:00 AM - 10:00 PM,$,200,30,BTS Phrom Phong,BTS พร้อมพงษ์,3,Short walk from BTS Phrom Phong,เดินจาก BTS พร้อมพงษ์ นิดเดียว,Limited,จำกัด,True,,,2026-04-23
BKK_S_1092,,7-Eleven (Sukhumvit Soi 24 near Emporium),เซเว่น อีเลฟเว่น (สุขุมวิท 24 ใกล้เอ็มโพเรียม),Shop,Filler,Khlong Toei,คลองเตย,Phrom Phong,พร้อมพงษ์,A lifesaver in Sukhumvit-PhromPhong for essentials. They have everything from Japanese snacks to the legendary ham and cheese toastie.,จุดแวะพักหาของกินของใช้ที่พึ่งพายามยากในSukhumvit-PhromPhong มีทุกอย่างตั้งแต่ขนมญี่ปุ่นยันแซนวิชอบร้อนในตำนาน สะดวกสุดๆ,Busy,Local,"Shop, Quick, Sukhumvit-PhromPhong",False,Anytime,"Solo, Friends",7-eleven (sukhumvit soi 24 near emporium),เซเว่น อีเลฟเว่น (สุขุมวิท 24 ใกล้เอ็มโพเรียม),False,1,,,13.7302,100.5699,"7-Eleven (Sukhumvit Soi 24 near Emporium), Khlong Toei, Bangkok","เซเว่น อีเลฟเว่น (สุขุมวิท 24 ใกล้เอ็มโพเรียม), คลองเตย, กรุงเทพฯ","https://www.google.com/maps?q=13.7302,100.5699",10:00 AM - 10:00 PM,$,200,30,BTS Phrom Phong,BTS พร้อมพงษ์,3,Short walk from BTS Phrom Phong,เดินจาก BTS พร้อมพงษ์ นิดเดียว,Limited,จำกัด,True,,,2026-04-23
BKK_S_1093,,P&P Pharmacy (Sukhumvit Soi 11),พีแอนด์พี ฟาร์มาซี (สุขุมวิท 11),Shop,Filler,Watthana,วัฒนา,Nana,นานา,A lifesaver in Sukhumvit-Nana for essentials. They have everything from Japanese snacks to the legendary ham and cheese toastie.,จุดแวะพักหาของกินของใช้ที่พึ่งพายามยากในSukhumvit-Nana มีทุกอย่างตั้งแต่ขนมญี่ปุ่นยันแซนวิชอบร้อนในตำนาน สะดวกสุดๆ,Busy,Local,"Shop, Quick, Sukhumvit-Nana",False,Anytime,"Solo, Friends",p&p pharmacy (sukhumvit soi 11),พีแอนด์พี ฟาร์มาซี (สุขุมวิท 11),False,1,,,13.7433,100.5569,"P&P Pharmacy (Sukhumvit Soi 11), Watthana, Bangkok","พีแอนด์พี ฟาร์มาซี (สุขุมวิท 11), วัฒนา, กรุงเทพฯ","https://www.google.com/maps?q=13.7433,100.5569",10:00 AM - 10:00 PM,$,200,30,BTS Nana,BTS นานา,3,Short walk from BTS Nana,เดินจาก BTS นานา นิดเดียว,Limited,จำกัด,True,,,2026-04-23
BKK_S_1094,,Matsumoto Kiyoshi (Siam Square One),มัทสึโมโตะ คิโยชิ (สยามสแควร์วัน),Shop,Filler,Pathum Wan,ปทุมวัน,Siam,สยาม,A lifesaver in Siam for essentials. They have everything from Japanese snacks to the legendary ham and cheese toastie.,จุดแวะพักหาของกินของใช้ที่พึ่งพายามยากในSiam มีทุกอย่างตั้งแต่ขนมญี่ปุ่นยันแซนวิชอบร้อนในตำนาน สะดวกสุดๆ,Busy,Local,"Shop, Quick, Siam",False,Anytime,"Solo, Friends",matsumoto kiyoshi (siam square one),มัทสึโมโตะ คิโยชิ (สยามสแควร์วัน),False,1,,,13.7444,100.5339,"Matsumoto Kiyoshi (Siam Square One), Pathum Wan, Bangkok","มัทสึโมโตะ คิโยชิ (สยามสแควร์วัน), ปทุมวัน, กรุงเทพฯ","https://www.google.com/maps?q=13.7444,100.5339",10:00 AM - 10:00 PM,$,200,30,BTS Siam,BTS สยาม,3,Short walk from BTS Siam,เดินจาก BTS สยาม นิดเดียว,Limited,จำกัด,True,,,2026-04-23
BKK_S_1095,,Tsuruha (Siam Square Soi 7),ซูรูฮะ (สยามสแควร์ ซอย 7),Shop,Filler,Pathum Wan,ปทุมวัน,Siam,สยาม,A lifesaver in Siam for essentials. They have everything from Japanese snacks to the legendary ham and cheese toastie.,จุดแวะพักหาของกินของใช้ที่พึ่งพายามยากในSiam มีทุกอย่างตั้งแต่ขนมญี่ปุ่นยันแซนวิชอบร้อนในตำนาน สะดวกสุดๆ,Busy,Local,"Shop, Quick, Siam",False,Anytime,"Solo, Friends",tsuruha (siam square soi 7),ซูรูฮะ (สยามสแควร์ ซอย 7),False,1,,,13.7445,100.5339,"Tsuruha (Siam Square Soi 7), Pathum Wan, Bangkok","ซูรูฮะ (สยามสแควร์ ซอย 7), ปทุมวัน, กรุงเทพฯ","https://www.google.com/maps?q=13.7445,100.5339",10:00 AM - 10:00 PM,$,200,30,BTS Siam,BTS สยาม,3,Short walk from BTS Siam,เดินจาก BTS สยาม นิดเดียว,Limited,จำกัด,True,,,2026-04-23
BKK_S_1096,,Mini Big C (Sukhumvit Soi 4),มินิ บิ๊กซี (สุขุมวิท 4),Shop,Filler,Watthana,วัฒนา,Nana,นานา,A lifesaver in Sukhumvit-Nana for essentials. They have everything from Japanese snacks to the legendary ham and cheese toastie.,จุดแวะพักหาของกินของใช้ที่พึ่งพายามยากในSukhumvit-Nana มีทุกอย่างตั้งแต่ขนมญี่ปุ่นยันแซนวิชอบร้อนในตำนาน สะดวกสุดๆ,Busy,Local,"Shop, Quick, Sukhumvit-Nana",False,Anytime,"Solo, Friends",mini big c (sukhumvit soi 4),มินิ บิ๊กซี (สุขุมวิท 4),False,1,,,13.7436,100.5569,"Mini Big C (Sukhumvit Soi 4), Watthana, Bangkok","มินิ บิ๊กซี (สุขุมวิท 4), วัฒนา, กรุงเทพฯ","https://www.google.com/maps?q=13.7436,100.5569",10:00 AM - 10:00 PM,$,200,30,BTS Nana,BTS นานา,3,Short walk from BTS Nana,เดินจาก BTS นานา นิดเดียว,Limited,จำกัด,True,,,2026-04-23
BKK_S_1097,,7-Eleven (Sala Daeng Exit 1),เซเว่น อีเลฟเว่น (ทางออก 1 ศาลาแดง),Shop,Filler,Bang Rak,บางรัก,Silom,สีลม,A lifesaver in Silom for essentials. They have everything from Japanese snacks to the legendary ham and cheese toastie.,จุดแวะพักหาของกินของใช้ที่พึ่งพายามยากในSilom มีทุกอย่างตั้งแต่ขนมญี่ปุ่นยันแซนวิชอบร้อนในตำนาน สะดวกสุดๆ,Busy,Local,"Shop, Quick, Silom",False,Anytime,"Solo, Friends",7-eleven (sala daeng exit 1),เซเว่น อีเลฟเว่น (ทางออก 1 ศาลาแดง),False,1,,,13.7297,100.5349,"7-Eleven (Sala Daeng Exit 1), Bang Rak, Bangkok","เซเว่น อีเลฟเว่น (ทางออก 1 ศาลาแดง), บางรัก, กรุงเทพฯ","https://www.google.com/maps?q=13.7297,100.5349",10:00 AM - 10:00 PM,$,200,30,BTS Sala Daeng,BTS ศาลาแดง,3,Short walk from BTS Sala Daeng,เดินจาก BTS ศาลาแดง นิดเดียว,Limited,จำกัด,True,,,2026-04-23
BKK_S_1098,,7-Eleven (Chong Nonsi Exit 4),เซเว่น อีเลฟเว่น (ทางออก 4 ช่องนนทรี),Shop,Filler,Bang Rak,บางรัก,Silom,สีลม,A lifesaver in Silom for essentials. They have everything from Japanese snacks to the legendary ham and cheese toastie.,จุดแวะพักหาของกินของใช้ที่พึ่งพายามยากในSilom มีทุกอย่างตั้งแต่ขนมญี่ปุ่นยันแซนวิชอบร้อนในตำนาน สะดวกสุดๆ,Busy,Local,"Shop, Quick, Silom",False,Anytime,"Solo, Friends",7-eleven (chong nonsi exit 4),เซเว่น อีเลฟเว่น (ทางออก 4 ช่องนนทรี),False,1,,,13.7298,100.5349,"7-Eleven (Chong Nonsi Exit 4), Bang Rak, Bangkok","เซเว่น อีเลฟเว่น (ทางออก 4 ช่องนนทรี), บางรัก, กรุงเทพฯ","https://www.google.com/maps?q=13.7298,100.5349",10:00 AM - 10:00 PM,$,200,30,BTS Sala Daeng,BTS ศาลาแดง,3,Short walk from BTS Sala Daeng,เดินจาก BTS ศาลาแดง นิดเดียว,Limited,จำกัด,True,,,2026-04-23
BKK_S_1099,,Gourmet To Go (BTS Phrom Phong),กูร์เมต์ ทู โก (BTS พร้อมพงษ์),Shop,Filler,Khlong Toei,คลองเตย,Phrom Phong,พร้อมพงษ์,A lifesaver in Sukhumvit-PhromPhong for essentials. They have everything from Japanese snacks to the legendary ham and cheese toastie.,จุดแวะพักหาของกินของใช้ที่พึ่งพายามยากในSukhumvit-PhromPhong มีทุกอย่างตั้งแต่ขนมญี่ปุ่นยันแซนวิชอบร้อนในตำนาน สะดวกสุดๆ,Busy,Local,"Shop, Quick, Sukhumvit-PhromPhong",False,Anytime,"Solo, Friends",gourmet to go (bts phrom phong),กูร์เมต์ ทู โก (BTS พร้อมพงษ์),False,1,,,13.7309,100.5699,"Gourmet To Go (BTS Phrom Phong), Khlong Toei, Bangkok","กูร์เมต์ ทู โก (BTS พร้อมพงษ์), คลองเตย, กรุงเทพฯ","https://www.google.com/maps?q=13.7309,100.5699",10:00 AM - 10:00 PM,$,200,30,BTS Phrom Phong,BTS พร้อมพงษ์,3,Short walk from BTS Phrom Phong,เดินจาก BTS พร้อมพงษ์ นิดเดียว,Limited,จำกัด,True,,,2026-04-23
